carat,cut,color,clarity,depth,table,x,y,z,price
1.18,Premium,D,SI2,61.2,58.0,6.88,6.82,4.19,5515
0.74,Very Good,E,SI1,60.1,60.0,5.85,5.91,3.52,3080
0.9,Good,I,VS2,62.9,59.0,6.0,6.08,3.8,3327
0.71,Premium,E,VS2,60.3,62.0,5.72,5.78,3.48,2863
0.72,Ideal,D,VS1,61.3,54.0,5.76,5.82,3.55,3724
1.63,Very Good,D,SI1,63.1,56.0,7.46,7.51,4.75,13629
0.38,Premium,F,VVS2,61.9,59.0,4.62,4.66,2.88,1015
1.0,Premium,F,SI1,60.0,60.0,6.51,6.45,3.88,5021
0.41,Ideal,F,VVS1,62.4,56.0,4.75,4.77,2.97,1245
0.92,Premium,D,SI2,61.3,58.0,6.28,6.24,3.83,4072
0.31,Ideal,E,VVS1,61.3,55.0,4.37,4.4,2.69,887
1.21,Ideal,G,VS1,61.3,55.0,6.86,6.89,4.21,9681
2.16,Premium,E,SI2,60.3,60.0,8.43,8.32,5.04,17094
0.7,Very Good,G,SI1,63.8,58.0,5.61,5.51,3.56,2015
2.03,Ideal,E,SI1,60.6,56.0,8.24,8.21,4.97,12614
0.42,Ideal,G,VVS1,62.1,56.0,4.79,4.77,2.97,1147
1.0,Premium,G,VS1,62.0,60.0,6.41,6.37,3.96,6442
0.5,Ideal,D,VS2,62.6,57.0,5.08,5.04,3.18,1696
0.33,Premium,H,VS2,60.2,60.0,4.5,4.45,2.69,668
1.01,Good,F,VS2,63.1,56.0,6.38,6.35,4.01,5700
0.3,Premium,H,SI2,62.2,60.0,4.25,4.28,2.65,360
0.54,Premium,D,SI1,61.9,55.0,5.24,5.21,3.23,1794
0.78,Ideal,G,SI1,61.7,56.0,5.92,5.95,3.67,2901
0.51,Premium,J,VS2,60.6,60.0,5.19,5.17,3.14,1178
1.01,Very Good,G,SI1,60.0,60.0,6.48,6.52,3.9,4442
0.7,Very Good,F,SI1,60.3,59.0,5.74,5.77,3.47,2307
0.3,Ideal,I,VVS1,61.5,55.0,4.33,4.29,2.65,709
1.02,Ideal,H,SI2,61.1,56.0,6.49,6.52,3.98,3950
0.3,Ideal,D,VS1,61.5,56.0,4.33,4.37,2.67,712
0.7,Good,D,VS1,63.8,59.0,5.64,5.59,3.58,3180
0.71,Premium,D,SI1,60.4,59.0,5.8,5.75,3.49,2822
1.01,Ideal,G,IF,61.6,57.0,6.41,6.43,3.96,7980
1.58,Premium,H,VS1,62.6,58.0,7.37,7.43,4.62,11263
0.33,Good,E,SI1,63.1,57.0,4.37,4.42,2.76,581
0.6,Ideal,D,SI1,62.8,56.0,5.38,5.44,3.38,1936
0.76,Ideal,H,VS2,61.4,56.0,5.89,5.92,3.62,3360
1.5,Ideal,I,VS1,61.7,55.0,7.35,7.38,4.54,10349
0.32,Ideal,G,SI1,61.4,57.0,4.41,4.46,2.72,644
1.3,Premium,F,SI2,61.9,60.0,7.04,6.98,4.33,6324
0.5,Ideal,H,VS2,62.3,57.0,5.1,5.05,3.17,1286
1.52,Premium,F,VS2,62.2,58.0,7.37,7.32,4.57,13714
0.33,Premium,G,VVS1,62.7,59.0,4.38,4.46,2.77,868
0.41,Very Good,E,SI1,62.1,58.0,4.75,4.75,2.95,755
1.01,Very Good,F,SI1,63.1,58.0,6.34,6.3,3.99,4674
1.15,Ideal,G,VS2,62.1,57.0,6.72,6.69,4.16,7277
0.61,Ideal,G,VS1,61.8,54.0,5.46,5.5,3.38,1931
0.39,Very Good,G,VS2,63.4,55.0,4.56,4.64,2.91,898
1.06,Ideal,I,I1,62.3,57.0,6.53,6.47,4.05,3455
0.38,Ideal,I,VVS1,62.4,53.7,4.67,4.7,2.93,753
0.7,Ideal,I,VS1,60.0,57.0,5.74,5.77,3.46,2316
1.52,Ideal,H,VS2,62.1,58.0,7.34,7.32,4.56,12084
1.0,Ideal,D,SI1,62.2,58.0,6.39,6.34,3.96,5306
0.5,Very Good,G,SI2,60.9,58.0,5.08,5.13,3.1,1235
1.01,Good,E,VS1,63.3,57.0,6.38,6.32,4.02,7817
0.38,Ideal,E,VS2,62.7,56.0,4.63,4.67,2.91,811
0.61,Ideal,D,SI1,59.4,57.0,5.56,5.52,3.28,2027
0.55,Ideal,G,VS2,62.1,57.0,5.21,5.24,3.24,1786
0.51,Ideal,F,VS1,62.9,54.0,5.12,5.08,3.21,1836
1.51,Premium,F,SI2,61.1,60.0,7.36,7.4,4.51,9123
1.61,Ideal,F,VS2,61.3,56.0,7.6,7.62,4.67,18055
1.26,Ideal,H,SI2,61.3,56.0,6.97,7.02,4.29,5902
0.54,Premium,E,SI1,62.3,57.0,5.23,5.18,3.24,1389
0.3,Premium,H,VS1,62.6,59.0,4.27,4.25,2.67,524
1.5,Good,J,VS2,63.6,56.0,7.27,7.15,4.59,7506
0.31,Ideal,F,VS2,62.6,57.0,4.28,4.31,2.69,625
1.19,Ideal,G,VS1,61.4,56.0,6.87,6.89,4.22,9424
0.52,Ideal,E,VS2,62.7,55.0,5.1,5.15,3.22,1743
1.0,Ideal,E,VS2,62.1,57.0,6.32,6.26,3.92,7072
0.33,Very Good,G,VS2,61.2,56.0,4.44,4.48,2.73,579
0.31,Ideal,E,VS2,61.3,56.0,4.37,4.39,2.69,872
0.52,Very Good,E,SI2,61.5,61.0,5.16,5.2,3.18,1207
2.31,Premium,H,SI2,62.4,58.0,8.54,8.49,5.28,12931
1.14,Ideal,G,SI1,61.0,55.0,6.79,6.74,4.13,6213
0.38,Ideal,I,VS1,62.6,54.0,4.64,4.61,2.89,849
0.73,Ideal,E,SI2,61.3,55.0,5.77,5.82,3.55,2441
1.51,Very Good,G,VS1,62.8,58.0,7.25,7.3,4.57,14234
0.32,Ideal,D,SI1,60.8,56.0,4.47,4.44,2.71,756
0.51,Ideal,D,VS1,62.7,55.0,5.14,5.17,3.23,1963
0.34,Ideal,E,VS1,62.3,56.0,4.46,4.48,2.78,726
0.3,Ideal,G,IF,62.1,55.0,4.29,4.31,2.67,863
0.36,Ideal,F,SI1,61.9,55.0,4.6,4.56,2.83,770
1.01,Premium,D,SI1,62.2,58.0,6.43,6.4,3.99,6138
0.71,Ideal,D,VS1,59.9,57.0,5.81,5.84,3.49,3609
0.42,Ideal,H,VVS2,62.7,56.0,4.77,4.79,3.0,998
0.37,Premium,E,SI1,59.3,58.0,4.73,4.75,2.81,833
1.13,Ideal,G,VS2,61.9,57.0,6.67,6.69,4.14,6604
0.5,Ideal,J,VS2,60.7,57.0,5.09,5.13,3.12,1135
0.71,Very Good,E,SI2,59.2,62.0,5.84,5.85,3.47,2753
0.72,Very Good,F,SI1,62.1,56.0,5.73,5.74,3.56,2670
1.01,Good,E,I1,63.1,58.0,6.34,6.41,4.01,3669
1.61,Premium,H,SI2,61.0,59.0,7.59,7.52,4.61,8869
1.01,Very Good,F,SI2,63.1,57.0,6.34,6.29,3.98,3701
1.61,Ideal,H,SI1,62.0,56.0,7.48,7.51,4.65,9625
0.71,Premium,H,SI2,60.7,58.0,5.82,5.78,3.52,2263
0.31,Ideal,G,IF,61.7,54.0,4.39,4.43,2.72,949
0.91,Ideal,G,I1,62.9,56.0,6.17,6.13,3.86,360
0.73,Ideal,D,VS2,61.4,57.0,5.79,5.81,3.57,3167
0.3,Premium,D,SI1,62.0,58.0,4.31,4.36,2.69,709
1.56,Premium,F,VS2,60.7,58.0,7.56,7.51,4.57,14294
0.51,Ideal,F,VVS2,61.9,55.0,5.12,5.15,3.18,2092
0.5,Ideal,D,VS2,61.0,56.0,5.12,5.17,3.14,1835
1.54,Premium,F,VS2,61.3,58.0,7.4,7.36,4.53,17168
1.01,Premium,I,SI1,62.4,58.0,6.45,6.39,4.0,4688
0.93,Premium,F,SI2,61.5,59.0,6.23,6.2,3.82,3987
1.07,Premium,D,SI2,61.1,59.0,6.64,6.61,4.05,4711
0.5,Premium,F,VS2,62.3,58.0,5.07,5.09,3.16,1548
1.0,Good,I,VS2,63.3,58.0,6.33,6.4,4.03,4398
1.55,Ideal,J,VS1,61.6,55.0,7.42,7.47,4.58,9524
2.01,Ideal,G,SI2,62.5,57.0,8.07,8.11,5.06,14406
0.3,Ideal,G,VS1,61.9,57.0,4.29,4.33,2.66,605
0.42,Good,D,SI1,63.3,57.0,4.76,4.8,3.02,660
0.3,Premium,I,SI1,62.0,59.0,4.32,4.25,2.66,506
0.59,Premium,F,SI1,61.3,58.0,5.39,5.36,3.3,1664
0.96,Premium,D,SI2,59.2,62.0,6.48,6.43,3.83,3634
0.35,Premium,G,VVS1,60.7,60.0,4.53,4.55,2.76,1028
1.51,Premium,E,VS1,62.5,59.0,7.34,7.38,4.6,16811
0.55,Premium,G,SI1,61.4,56.0,5.32,5.28,3.25,1415
0.39,Very Good,H,IF,63.0,55.0,4.66,4.7,2.95,1034
2.01,Premium,I,VS2,61.6,59.0,8.09,8.06,5.0,16857
1.11,Very Good,H,VS2,62.2,57.0,6.57,6.66,4.12,6529
0.33,Ideal,F,VVS2,61.7,56.0,4.44,4.46,2.75,1114
0.33,Ideal,I,SI1,60.4,56.0,4.49,4.47,2.7,445
0.51,Premium,G,VVS1,60.7,58.0,5.17,5.23,3.16,1987
0.5,Premium,G,SI2,61.0,59.0,5.09,5.02,3.1,1125
1.5,Ideal,J,VS2,62.3,55.0,7.37,7.34,4.58,7819
1.27,Premium,H,SI1,62.0,59.0,6.91,6.99,4.3,5107
1.19,Premium,I,VS2,62.2,60.0,6.83,6.78,4.23,5000
1.52,Premium,J,VS1,62.8,59.0,7.33,7.27,4.59,8818
0.35,Premium,D,VS1,61.2,59.0,4.52,4.55,2.77,792
0.4,Ideal,G,VS2,61.9,55.0,4.69,4.73,2.92,772
0.34,Ideal,F,VVS1,62.4,55.0,4.46,4.5,2.8,890
1.22,Good,G,SI1,63.3,57.0,6.82,6.86,4.34,7423
1.01,Ideal,H,SI1,62.1,56.0,6.39,6.45,3.99,4461
1.56,Premium,H,VS1,60.9,59.0,7.53,7.46,4.58,11681
0.72,Good,E,VS2,63.8,60.0,5.68,5.59,3.59,2962
0.32,Ideal,G,VS1,61.3,55.0,4.44,4.41,2.71,828
0.31,Premium,I,VS2,59.5,59.0,4.41,4.44,2.63,523
0.37,Ideal,D,VVS2,61.0,56.0,4.67,4.64,2.85,1124
1.51,Ideal,E,SI1,62.6,57.0,7.31,7.26,4.57,12596
1.56,Ideal,J,VS2,60.5,57.0,7.52,7.46,4.54,6112
0.31,Very Good,D,VS2,62.3,59.0,4.32,4.36,2.7,566
0.5,Ideal,F,SI1,62.6,53.0,5.09,5.12,3.19,1214
1.53,Very Good,F,SI1,62.3,58.0,7.37,7.41,4.6,10962
0.9,Good,H,SI1,64.3,54.0,6.1,6.12,3.93,2975
0.54,Very Good,D,VS2,61.8,60.0,5.17,5.23,3.21,1758
1.05,Ideal,G,VS1,62.3,56.0,6.52,6.49,4.06,7699
0.46,Very Good,J,SI2,62.0,60.0,4.92,4.95,3.06,835
0.9,Premium,F,SI2,62.7,59.0,6.11,6.07,3.81,3704
0.73,Ideal,F,SI1,62.3,57.0,5.77,5.74,3.58,2607
2.42,Ideal,H,SI2,61.4,57.0,8.6,8.64,5.27,16628
0.4,Premium,H,VVS1,61.4,58.0,4.74,4.76,2.92,1047
0.56,Ideal,D,VS2,61.8,56.0,5.31,5.28,3.27,2030
0.3,Ideal,H,VS1,61.9,57.0,4.3,4.33,2.67,545
0.39,Ideal,E,VVS2,61.2,57.0,4.66,4.68,2.86,1300
0.31,Ideal,D,SI1,62.0,54.0,4.39,4.36,2.71,709
0.52,Ideal,G,SI2,61.9,56.0,5.16,5.19,3.2,1240
0.6,Very Good,F,SI1,61.2,59.0,5.37,5.41,3.3,1646
1.21,Ideal,G,SI1,60.9,58.0,6.85,6.88,4.18,6587
0.31,Ideal,D,SI1,62.6,57.0,4.31,4.35,2.7,593
0.52,Very Good,I,SI2,63.2,57.0,5.12,5.09,3.23,1044
0.41,Ideal,F,VVS1,61.4,56.0,4.78,4.8,2.94,1295
0.51,Ideal,E,VS2,62.2,55.0,5.13,5.15,3.2,1915
0.32,Ideal,G,VS2,61.9,57.0,4.39,4.41,2.72,561
2.0,Fair,E,VS2,65.8,56.0,7.85,7.79,5.09,16064
0.35,Ideal,F,IF,61.0,55.0,4.55,4.58,2.79,1044
0.56,Ideal,D,VS2,62.1,55.0,5.29,5.33,3.3,1822
0.32,Ideal,H,VS2,61.9,55.0,4.43,4.46,2.75,505
0.56,Premium,F,VS2,60.9,59.0,5.31,5.35,3.24,1587
0.24,Ideal,H,VS1,61.6,54.0,3.99,4.01,2.48,419
0.4,Ideal,H,VVS2,62.0,56.0,4.69,4.73,2.92,886
0.71,Premium,G,SI1,59.7,60.0,5.81,5.79,3.46,2368
0.91,Ideal,I,SI1,59.8,57.0,6.27,6.3,3.76,2866
0.37,Premium,F,VVS1,60.9,59.0,4.71,4.68,2.86,1142
0.35,Ideal,H,VVS1,62.5,57.0,4.55,4.5,2.83,984
1.0,Premium,E,VS2,60.0,59.0,6.41,6.45,3.86,6272
0.31,Ideal,J,VS1,61.9,55.0,4.4,4.37,2.71,434
0.57,Ideal,H,VS1,62.6,56.0,5.27,5.29,3.31,1760
0.71,Very Good,I,VS1,61.4,58.0,5.73,5.76,3.52,2422
1.17,Ideal,F,SI1,62.0,56.0,6.73,6.78,4.18,6466
1.98,Ideal,F,SI2,62.5,55.0,8.07,8.04,5.02,14281
0.53,Premium,H,SI1,60.6,61.0,5.22,5.2,3.16,1348
0.51,Very Good,J,SI1,63.2,56.0,5.09,5.07,3.21,957
2.0,Ideal,H,SI2,60.7,57.0,8.07,8.15,4.93,13109
1.05,Ideal,F,VS1,61.8,56.0,6.51,6.54,4.03,6526
0.42,Premium,E,SI1,59.4,61.0,4.89,4.85,2.9,882
0.74,Very Good,H,SI1,60.9,57.0,5.86,5.9,3.57,2554
0.32,Premium,F,SI2,61.5,58.0,4.32,4.36,2.67,421
1.0,Good,D,SI1,63.7,57.0,6.15,6.24,3.94,4678
1.54,Ideal,G,VS2,62.4,57.0,7.37,7.31,4.59,13135
0.92,Ideal,H,SI1,61.6,57.0,6.25,6.24,3.85,4355
1.01,Ideal,F,VS2,62.3,55.0,6.43,6.4,4.0,6768
1.03,Ideal,D,SI2,61.0,57.0,6.51,6.54,3.98,4397
0.5,Ideal,H,VVS2,62.5,55.0,5.07,5.11,3.18,1583
0.81,Premium,F,VS1,61.6,60.0,5.93,5.96,3.67,3725
0.7,Good,J,VVS2,64.3,56.0,5.52,5.56,3.57,2064
0.71,Ideal,I,VS1,62.4,54.0,5.71,5.75,3.57,2364
0.9,Very Good,H,VS2,63.3,59.0,6.1,6.07,3.86,3817
0.31,Ideal,G,IF,62.2,55.0,4.36,4.39,2.72,786
0.9,Premium,E,SI2,62.0,62.0,6.16,6.1,3.8,4007
0.54,Ideal,F,VVS2,61.8,56.0,5.22,5.22,3.23,2074
0.75,Premium,H,VS2,61.7,60.0,5.83,5.79,3.59,2515
1.04,Ideal,F,SI2,61.7,57.0,6.5,6.51,4.02,4457
0.41,Very Good,H,IF,63.2,55.0,4.77,4.74,3.01,1197
0.93,Good,H,SI2,61.8,63.0,6.24,6.21,3.85,2949
0.32,Very Good,I,SI1,62.7,58.0,4.38,4.35,2.74,432
1.11,Ideal,E,SI1,62.4,54.0,6.66,6.69,4.17,6973
1.01,Premium,E,VS2,61.2,58.0,6.48,6.43,3.95,7240
0.41,Very Good,F,VS1,62.9,56.0,4.7,4.74,2.97,1007
0.33,Very Good,I,VVS2,62.0,58.0,4.42,4.46,2.75,579
2.01,Premium,G,SI1,61.6,56.0,8.16,8.12,5.02,18531
1.05,Ideal,H,VS2,61.8,57.0,6.53,6.56,4.04,5817
1.54,Premium,I,VS1,62.5,58.0,7.37,7.3,4.58,11094
1.12,Ideal,H,SI1,62.5,55.0,6.66,6.62,4.14,5649
1.04,Good,H,VS1,63.6,58.0,6.46,6.4,4.08,5864
1.0,Good,H,SI1,58.0,62.0,6.56,6.58,3.81,4570
0.53,Ideal,F,SI2,61.2,56.0,5.22,5.29,3.22,1142
0.73,Ideal,F,SI1,61.0,56.0,5.77,5.82,3.53,2671
0.39,Ideal,F,VS2,61.9,54.0,4.67,4.7,2.9,826
0.72,Ideal,G,SI2,61.3,55.0,5.77,5.79,3.54,2106
0.9,Very Good,I,SI1,62.2,58.0,6.12,6.19,3.84,2854
0.54,Ideal,G,SI2,60.9,56.0,5.24,5.31,3.21,1185
0.3,Very Good,G,SI2,62.9,54.0,4.28,4.25,2.69,394
0.33,Ideal,H,IF,61.0,55.0,4.5,4.48,2.74,889
0.55,Ideal,E,SI1,62.0,57.0,5.28,5.25,3.27,1581
0.9,Very Good,G,VS2,63.5,58.0,6.1,6.09,3.88,4165
0.81,Ideal,G,VS2,62.4,57.0,5.92,5.96,3.69,3338
0.51,Premium,D,VS2,60.5,60.0,5.28,5.24,3.18,1727
0.7,Ideal,G,VS1,62.9,55.0,5.63,5.67,3.55,2509
1.01,Ideal,G,SI1,61.2,57.0,6.45,6.39,3.91,4764
0.51,Ideal,D,SI1,61.0,56.0,5.17,5.14,3.15,1662
0.7,Very Good,E,SI1,61.0,57.0,5.69,5.74,3.49,2578
0.7,Ideal,E,SI1,61.6,56.0,5.72,5.68,3.51,2576
1.01,Ideal,E,VS2,62.3,57.0,6.45,6.4,4.0,6600
1.2,Ideal,G,VS1,61.8,57.0,6.8,6.84,4.21,8639
0.33,Premium,G,VVS1,60.9,60.0,4.46,4.44,2.71,740
0.71,Ideal,E,VS2,61.0,56.0,5.74,5.77,3.51,3053
1.51,Premium,H,VS2,59.2,59.0,7.53,7.49,4.44,11011
1.26,Premium,H,VS1,62.6,59.0,6.88,6.83,4.29,6746
0.33,Ideal,G,VS2,61.4,55.0,4.45,4.48,2.73,743
0.81,Ideal,F,SI1,62.2,56.0,5.95,5.97,3.72,3205
1.01,Ideal,F,SI2,62.7,56.0,6.4,6.43,4.02,4017
0.3,Premium,F,VS2,61.3,60.0,4.34,4.31,2.65,776
0.56,Ideal,F,VS2,62.7,57.0,5.26,5.28,3.3,1627
0.7,Very Good,F,VS1,61.9,58.0,5.66,5.69,3.51,2889
0.51,Ideal,E,VVS2,60.1,56.0,5.24,5.26,3.15,2165
2.01,Ideal,G,SI1,62.9,55.0,8.04,8.1,5.06,18756
1.51,Premium,F,SI2,63.0,57.0,7.26,7.31,4.61,7695
0.43,Ideal,G,VS2,60.9,55.0,4.91,4.92,3.01,1059
0.5,Ideal,E,SI1,63.0,54.0,4.99,5.02,3.17,1333
0.71,Ideal,F,SI1,61.8,56.0,5.73,5.76,3.55,2241
0.7,Good,G,VS1,59.4,62.0,5.76,5.82,3.45,2833
0.32,Ideal,G,VS1,62.3,55.0,4.4,4.38,2.73,828
0.55,Ideal,G,VS2,61.7,55.0,5.26,5.3,3.25,1440
1.52,Ideal,H,SI2,61.8,56.0,7.41,7.37,4.56,8257
1.01,Ideal,G,VVS2,61.5,57.0,6.49,6.39,3.96,7662
1.01,Good,H,SI1,63.1,60.0,6.34,6.44,4.03,4702
0.31,Ideal,E,VS1,61.9,56.0,4.35,4.4,2.71,734
0.3,Ideal,I,VS2,62.5,57.0,4.28,4.25,2.67,558
1.2,Very Good,I,SI1,63.3,56.0,6.75,6.7,4.25,5016
0.35,Ideal,E,VVS1,60.1,56.0,4.59,4.63,2.78,1096
0.75,Ideal,D,SI1,61.7,55.0,5.84,5.88,3.61,3105
0.3,Ideal,H,VS1,62.6,54.0,4.28,4.3,2.69,631
0.23,Very Good,D,VVS2,62.1,58.0,3.94,3.97,2.45,472
1.58,Premium,H,SI1,61.4,58.0,7.48,7.45,4.59,9596
0.31,Ideal,G,IF,61.3,55.0,4.39,4.41,2.7,891
0.3,Very Good,E,SI1,62.3,58.0,4.25,4.28,2.66,526
0.51,Premium,E,VS2,62.6,58.0,5.08,5.13,3.2,1651
0.5,Ideal,F,VS2,61.7,56.0,5.1,5.12,3.15,1654
0.4,Very Good,I,VVS1,61.6,59.0,4.73,4.75,2.91,882
0.51,Very Good,F,SI1,63.5,58.0,5.07,5.03,3.2,1250
0.4,Ideal,G,IF,62.1,56.0,4.74,4.76,2.95,1207
0.38,Ideal,F,VS1,62.0,54.0,4.65,4.67,2.89,803
0.96,Ideal,G,SI2,59.9,56.0,6.45,6.41,3.87,3652
2.14,Ideal,H,SI2,62.8,56.0,8.22,8.26,5.18,15134
0.54,Very Good,H,VS2,62.3,59.0,5.15,5.18,3.22,1392
0.71,Ideal,D,SI2,62.1,57.0,5.7,5.73,3.55,2482
0.92,Premium,E,SI1,61.7,59.0,6.24,6.2,3.84,4562
1.54,Ideal,H,SI1,61.3,56.0,7.44,7.45,4.57,11081
0.32,Ideal,G,IF,62.0,57.0,4.39,4.35,2.71,956
1.54,Premium,G,SI1,60.9,58.0,7.4,7.44,4.51,11163
0.33,Ideal,G,VVS2,60.9,57.0,4.45,4.49,2.72,943
0.3,Ideal,F,IF,61.9,57.0,4.28,4.31,2.66,886
0.33,Ideal,I,VVS2,61.8,56.0,4.48,4.45,2.76,743
0.9,Very Good,I,VS2,62.5,58.0,6.13,6.15,3.83,3139
1.01,Ideal,F,VS2,59.7,56.0,6.56,6.59,3.92,6795
0.31,Good,G,VS1,61.7,64.0,4.26,4.3,2.65,672
0.4,Premium,I,VS1,61.0,60.0,4.75,4.72,2.89,945
1.29,Ideal,G,VS2,61.7,55.0,6.93,6.96,4.29,7415
0.54,Premium,E,VS2,60.0,59.0,5.28,5.34,3.17,1847
0.3,Premium,F,VVS1,60.4,58.0,4.37,4.4,2.65,741
0.52,Ideal,F,VS2,62.2,56.0,5.11,5.13,3.19,1625
1.23,Good,F,VVS2,63.1,56.0,6.81,6.84,4.32,10748
1.0,Premium,E,SI2,62.7,57.0,6.29,6.31,3.95,3584
0.36,Very Good,F,VVS2,60.0,58.0,4.67,4.64,2.79,958
0.53,Ideal,G,VS1,60.8,56.0,5.25,5.3,3.21,1908
0.7,Good,E,SI1,63.8,55.0,5.61,5.57,3.57,2549
2.01,Premium,J,VS2,61.6,60.0,8.13,8.08,4.97,15338
1.03,Very Good,H,SI2,63.3,58.0,6.37,6.41,4.05,3579
0.32,Good,H,SI1,63.1,57.0,4.34,4.38,2.75,419
0.5,Good,F,VS2,63.2,58.0,5.0,5.03,3.17,1442
0.51,Very Good,D,SI1,61.8,59.0,5.1,5.13,3.16,1684
0.48,Ideal,G,VS1,62.1,58.0,5.01,5.04,3.11,1438
0.34,Very Good,F,VS2,61.7,55.0,4.49,4.52,2.78,686
0.51,Very Good,G,VVS1,62.1,59.0,5.07,5.1,3.16,1839
0.86,Premium,H,VS2,59.6,59.0,6.19,6.12,3.65,3379
1.01,Very Good,E,VS2,58.3,60.0,6.48,6.52,3.78,6147
0.24,Ideal,F,VS1,61.8,57.0,4.02,4.05,2.48,536
0.34,Ideal,E,SI1,62.6,57.0,4.4,4.43,2.77,765
0.9,Good,H,VVS2,63.6,59.0,6.05,6.12,3.88,4205
0.31,Very Good,G,SI1,63.1,55.0,4.31,4.34,2.73,593
0.31,Ideal,F,VVS1,61.8,55.0,4.33,4.37,2.69,741
1.01,Ideal,H,SI1,62.6,56.0,6.43,6.46,4.03,5387
0.31,Ideal,H,VS2,62.5,53.0,4.35,4.33,2.71,628
0.4,Ideal,E,VS2,62.0,55.0,4.77,4.74,2.95,1024
0.54,Ideal,E,SI1,60.9,56.0,5.25,5.3,3.21,1688
0.53,Ideal,E,SI1,61.5,56.0,5.19,5.23,3.2,1662
1.2,Ideal,G,VS1,62.0,56.0,6.89,6.74,4.23,8092
2.0,Fair,E,SI2,64.5,59.0,7.7,7.8,5.09,9900
0.32,Ideal,E,VS2,61.8,54.0,4.42,4.38,2.72,900
1.7,Premium,I,VS2,59.0,60.0,7.82,7.72,4.62,10479
0.5,Very Good,E,VS2,62.8,56.0,4.98,5.03,3.14,1601
0.81,Ideal,G,SI1,62.0,58.0,5.97,5.94,3.7,3614
0.39,Premium,F,SI2,62.2,58.0,4.7,4.67,2.92,748
2.01,Ideal,J,SI2,61.1,60.0,8.16,8.09,4.97,11962
1.0,Very Good,F,VS1,60.6,63.0,6.54,6.48,3.94,6095
2.02,Very Good,H,SI2,63.1,60.0,8.1,8.03,5.05,15962
0.5,Fair,G,SI1,62.8,66.0,5.03,4.94,3.13,1155
1.54,Ideal,G,VS1,62.0,56.0,7.45,7.42,4.6,15291
0.34,Ideal,G,VVS2,61.6,57.0,4.5,4.47,2.76,995
2.09,Premium,I,SI2,60.9,61.0,8.21,8.16,4.99,15162
0.41,Premium,E,VS1,61.4,59.0,4.76,4.79,2.93,1079
0.4,Ideal,F,VVS2,60.9,57.0,4.8,4.77,2.91,1088
0.34,Ideal,H,VVS1,61.2,55.0,4.54,4.56,2.78,775
0.5,Ideal,E,VS1,61.8,55.0,5.07,5.11,3.16,1819
1.01,Ideal,I,SI2,62.4,55.0,6.38,6.46,4.0,3729
0.5,Premium,F,SI2,62.8,62.0,5.04,5.01,3.16,956
0.7,Ideal,G,VS1,61.0,58.0,5.74,5.79,3.52,2568
0.92,Premium,F,SI1,62.9,58.0,6.15,6.18,3.88,4586
0.71,Ideal,D,VS2,62.1,55.0,5.73,5.77,3.57,2874
0.41,Ideal,F,SI2,62.1,55.0,4.78,4.82,2.98,764
0.73,Ideal,E,SI1,62.0,55.0,5.77,5.8,3.6,2596
0.38,Ideal,E,VS2,62.2,55.0,4.63,4.66,2.89,866
1.24,Premium,H,VVS2,62.4,58.0,6.88,6.83,4.28,7953
1.2,Premium,D,SI2,62.8,56.0,6.82,6.7,4.24,7539
1.09,Premium,H,SI1,62.0,58.0,6.59,6.61,4.1,4355
0.51,Ideal,E,SI2,62.6,55.0,5.08,5.13,3.2,1286
0.3,Very Good,G,VS1,61.2,60.0,4.3,4.33,2.64,605
2.25,Premium,J,SI2,62.4,58.0,8.35,8.29,5.2,13200
1.02,Very Good,F,SI2,63.3,59.0,6.38,6.42,4.05,4318
0.51,Ideal,D,VS1,61.9,56.0,5.11,5.14,3.17,1822
0.56,Ideal,G,VS2,61.5,56.0,5.29,5.26,3.24,1698
0.32,Ideal,G,VS1,61.4,55.0,4.44,4.47,2.74,828
1.11,Premium,I,SI2,62.2,58.0,6.6,6.63,4.12,3975
0.31,Premium,H,VVS2,62.1,58.0,4.31,4.38,2.7,625
0.52,Ideal,H,VS1,61.6,57.0,5.17,5.14,3.17,1573
1.52,Premium,F,SI1,62.4,55.0,7.35,7.3,4.58,11284
0.56,Ideal,E,SI1,61.5,56.0,5.34,5.3,3.27,1593
0.81,Ideal,I,SI2,61.3,56.0,5.96,5.99,3.68,2383
0.3,Premium,G,VVS1,61.2,58.0,4.33,4.35,2.65,789
0.32,Ideal,G,VS2,61.9,57.0,4.38,4.4,2.72,561
1.5,Premium,J,VS2,60.9,58.0,7.38,7.41,4.5,5500
2.09,Very Good,G,SI2,60.4,62.0,8.21,8.25,4.99,18445
2.01,Premium,J,SI2,62.6,61.0,8.02,7.95,4.99,12989
0.51,Very Good,D,SI1,62.7,58.0,5.09,5.12,3.2,1397
1.01,Premium,F,VS2,60.8,58.0,6.53,6.49,3.95,7272
0.73,Very Good,I,VS2,62.4,58.0,5.75,5.73,3.58,2378
0.53,Ideal,G,VVS2,61.9,54.0,5.18,5.24,3.23,1743
0.42,Ideal,E,VVS2,60.9,56.0,4.85,4.81,2.94,1289
0.9,Very Good,D,VS2,63.4,57.0,6.07,6.12,3.86,4761
0.32,Ideal,G,VS1,62.0,57.0,4.34,4.37,2.7,645
1.13,Premium,H,VS2,61.9,59.0,6.7,6.66,4.14,5395
0.91,Good,F,SI2,62.2,62.0,6.07,6.12,3.79,2747
1.51,Premium,H,SI2,58.8,60.0,7.5,7.43,4.4,7751
0.54,Ideal,H,VS1,62.1,54.0,5.23,5.27,3.25,1819
1.01,Very Good,G,SI2,60.6,58.0,6.56,6.52,3.95,4218
1.2,Ideal,H,SI1,62.3,56.0,6.84,6.77,4.22,6708
1.09,Good,D,SI2,63.7,59.0,6.45,6.38,4.08,4598
0.3,Premium,E,VS1,62.0,58.0,4.23,4.28,2.63,734
1.06,Premium,F,VVS2,58.3,59.0,6.67,6.71,3.9,9677
0.93,Ideal,I,SI1,62.0,56.0,6.19,6.22,3.86,3303
0.31,Ideal,G,VS1,62.6,54.0,4.35,4.38,2.73,603
0.31,Ideal,D,SI1,61.5,54.0,4.34,4.37,2.68,633
0.32,Ideal,F,VS2,62.1,55.0,4.38,4.42,2.73,645
1.03,Ideal,F,SI1,62.5,57.0,6.44,6.47,4.03,5197
1.0,Very Good,G,SI2,59.6,59.0,6.49,6.52,3.88,4269
0.3,Ideal,H,VS1,62.0,56.0,4.3,4.34,2.68,533
0.24,Very Good,E,VS1,63.8,56.0,3.92,3.94,2.5,391
0.51,Very Good,G,SI1,63.3,58.0,5.05,5.08,3.21,1312
1.02,Very Good,E,SI1,63.1,59.0,6.35,6.39,4.02,4598
0.32,Ideal,E,VS2,62.0,54.2,4.4,4.41,2.73,846
1.03,Ideal,H,VS1,62.0,55.3,6.5,6.47,4.02,5540
0.91,Ideal,D,SI2,61.5,56.0,6.25,6.3,3.85,3392
0.75,Ideal,D,SI1,62.7,55.0,5.8,5.83,3.64,2907
0.42,Premium,I,SI1,62.4,58.0,4.76,4.79,2.98,812
1.52,Ideal,D,SI2,61.3,56.0,7.38,7.46,4.55,9341
0.34,Ideal,H,VS2,62.0,56.0,4.51,4.54,2.8,537
0.4,Ideal,J,VS1,61.7,54.4,4.74,4.8,2.95,782
1.71,Premium,I,VVS2,62.4,58.0,7.62,7.57,4.74,14957
1.01,Premium,I,SI1,59.0,59.0,6.51,6.46,3.83,4032
1.2,Very Good,H,VS2,62.7,59.0,6.65,6.72,4.19,7062
1.04,Good,G,I1,63.5,57.0,6.42,6.46,4.08,2723
1.5,Premium,I,SI1,59.8,62.0,7.48,7.43,4.45,8170
0.71,Premium,F,SI1,62.6,57.0,5.69,5.66,3.55,2309
0.3,Ideal,F,IF,61.3,57.0,4.28,4.3,2.63,886
0.38,Ideal,G,VS1,61.9,55.0,4.67,4.7,2.89,847
1.02,Good,E,SI1,62.5,61.0,6.37,6.39,3.99,4912
0.3,Ideal,E,VS2,61.6,56.0,4.32,4.36,2.67,637
0.31,Ideal,G,SI1,61.8,57.0,4.35,4.37,2.69,593
1.23,Premium,I,VS2,62.1,58.0,6.84,6.89,4.26,5453
0.4,Ideal,F,VVS2,62.0,57.0,4.74,4.72,2.93,947
2.04,Ideal,I,SI1,61.9,55.0,8.15,8.1,5.04,15706
0.32,Ideal,F,VS2,61.8,55.0,4.41,4.45,2.74,828
1.02,Premium,F,VS2,61.0,58.0,6.45,6.41,3.92,5924
0.91,Ideal,E,SI2,61.3,54.0,6.25,6.2,3.81,3620
0.81,Good,F,SI2,63.8,55.0,5.94,5.88,3.77,2691
1.14,Ideal,G,VS1,61.5,57.0,6.73,6.71,4.13,8611
1.51,Ideal,G,VS2,61.3,57.0,7.35,7.44,4.54,13298
0.51,Ideal,E,VS1,62.3,55.0,5.13,5.16,3.2,1968
0.31,Very Good,E,VVS2,61.8,57.0,4.29,4.33,2.66,633
1.17,Ideal,G,VS1,62.4,55.0,6.83,6.78,4.24,8457
0.9,Very Good,I,VS2,63.5,58.0,6.09,6.06,3.86,3345
1.01,Very Good,I,VS2,62.8,58.0,6.3,6.41,3.99,4668
0.53,Ideal,E,VS2,61.1,56.0,5.23,5.26,3.2,1659
0.61,Ideal,H,VS1,60.7,55.0,5.51,5.54,3.35,2034
2.38,Premium,J,VS2,62.6,58.0,8.52,8.49,5.32,15466
1.27,Ideal,E,IF,61.8,55.0,6.95,6.93,4.29,15529
0.4,Ideal,H,VS1,61.9,57.0,4.69,4.74,2.91,719
0.41,Ideal,F,VS1,62.0,56.0,4.81,4.78,2.97,1359
0.3,Ideal,F,VVS1,62.2,57.0,4.28,4.31,2.67,814
0.38,Ideal,D,VS2,62.5,56.0,4.65,4.63,2.89,1040
0.41,Premium,H,SI1,62.5,58.0,4.67,4.72,2.94,723
0.32,Very Good,H,VS1,60.8,61.0,4.4,4.44,2.69,434
1.57,Ideal,H,SI2,61.7,55.0,7.49,7.52,4.62,8491
0.42,Premium,F,SI1,61.2,58.0,4.82,4.8,2.95,992
0.31,Good,G,VS2,63.8,56.0,4.29,4.33,2.76,698
0.3,Very Good,J,VVS1,59.6,58.0,4.28,4.35,2.6,554
1.02,Good,G,VVS2,63.7,55.0,6.36,6.41,4.07,7091
0.39,Good,J,SI1,60.0,64.0,4.75,4.8,2.87,586
0.51,Ideal,D,SI1,60.4,57.0,5.23,5.2,3.15,1657
0.34,Ideal,I,VS2,62.4,56.0,4.46,4.49,2.79,491
0.37,Premium,D,VS2,60.5,58.0,4.62,4.66,2.81,1010
0.75,Very Good,I,SI1,60.2,57.0,5.92,5.95,3.57,2340
1.7,Ideal,H,SI1,61.9,57.0,7.61,7.66,4.73,12308
0.9,Good,D,SI1,62.1,64.0,6.12,6.09,3.79,3567
0.34,Very Good,I,SI1,63.1,56.0,4.5,4.47,2.83,589
1.0,Premium,F,SI1,62.4,58.0,6.37,6.32,3.96,5093
0.83,Very Good,E,VS2,62.1,60.0,5.97,6.05,3.74,3838
1.02,Good,G,VS1,58.4,63.0,6.6,6.55,3.83,6177
0.32,Very Good,E,VS2,62.7,57.0,4.3,4.32,2.71,702
0.57,Ideal,E,SI1,62.1,57.0,5.28,5.3,3.28,1644
1.5,Premium,G,VVS2,59.8,60.0,7.39,7.49,4.45,15498
0.43,Premium,J,VS1,60.8,58.0,4.91,4.86,2.97,830
0.3,Very Good,H,VVS2,62.8,56.0,4.24,4.27,2.67,486
0.9,Very Good,D,SI1,61.0,58.0,6.18,6.22,3.77,4187
1.01,Premium,G,VVS2,59.1,59.0,6.59,6.57,3.88,6468
0.54,Premium,G,SI1,60.0,60.0,5.31,5.28,3.18,1319
0.31,Very Good,E,SI1,63.5,55.0,4.31,4.29,2.73,698
0.77,Very Good,D,SI2,61.9,58.0,5.87,5.9,3.64,3104
1.02,Ideal,E,SI1,62.1,57.0,6.38,6.42,3.98,4829
1.15,Premium,I,SI2,60.8,59.0,6.82,6.75,4.12,4837
1.28,Premium,H,VS2,61.6,58.0,7.05,6.98,4.31,6987
0.72,Ideal,F,VVS2,62.2,56.0,5.75,5.72,3.57,2892
0.31,Ideal,G,VS1,61.8,57.0,4.35,4.38,2.69,625
1.22,Ideal,D,SI1,62.0,57.0,6.88,6.81,4.25,7143
1.01,Premium,H,VS2,61.9,60.0,6.36,6.39,3.95,4981
0.31,Ideal,G,VS2,61.2,57.0,4.34,4.36,2.66,647
0.9,Good,F,SI1,63.6,58.0,6.06,6.13,3.87,3505
1.05,Ideal,H,SI2,62.7,57.0,6.5,6.54,4.08,3977
0.3,Ideal,F,VVS1,61.8,56.0,4.3,4.36,2.68,810
0.4,Ideal,F,VS1,60.4,56.0,4.78,4.81,2.9,939
0.3,Premium,H,VS2,61.9,58.0,4.3,4.25,2.65,506
0.31,Ideal,D,SI2,60.9,56.0,4.4,4.42,2.69,462
0.41,Ideal,F,VVS2,62.1,56.0,4.76,4.74,2.95,1192
0.7,Good,G,VS2,64.3,60.0,5.56,5.59,3.57,2401
1.22,Ideal,G,VS1,62.1,56.0,6.83,6.87,4.25,8590
1.51,Ideal,H,SI2,62.2,55.0,7.31,7.36,4.56,13818
1.52,Premium,F,SI2,59.1,60.0,7.49,7.38,4.4,8796
2.03,Ideal,D,SI2,60.8,57.0,8.2,8.13,4.98,16694
2.01,Ideal,G,SI2,62.0,54.0,8.05,8.1,5.0,16064
0.71,Ideal,D,SI2,61.8,57.0,5.75,5.77,3.56,2474
0.7,Ideal,F,VS2,61.6,57.0,5.7,5.71,3.52,3038
0.3,Very Good,F,VS2,62.9,58.0,4.23,4.27,2.67,605
0.54,Premium,E,VS2,59.9,59.0,5.3,5.26,3.16,1580
0.8,Ideal,E,VS2,61.9,56.0,5.98,5.95,3.69,4538
0.32,Ideal,G,VS2,61.4,56.0,4.42,4.45,2.72,649
0.71,Ideal,D,VS2,60.3,57.0,5.81,5.74,3.47,3222
0.41,Premium,J,VS1,62.4,58.0,4.75,4.74,2.96,773
1.2,Good,F,VS2,63.6,59.0,6.66,6.72,4.25,8157
1.12,Ideal,G,SI1,61.6,56.0,6.72,6.7,4.13,6088
1.52,Ideal,G,SI1,60.4,58.0,7.48,7.39,4.5,11716
0.54,Ideal,E,SI1,61.9,57.0,5.22,5.14,3.21,1415
0.4,Premium,E,VS1,59.8,58.0,4.82,4.79,2.88,1125
1.01,Very Good,H,SI1,62.8,58.0,6.38,6.45,4.03,4468
0.65,Premium,E,SI2,61.9,60.0,5.53,5.49,3.42,1918
2.01,Premium,H,SI2,59.3,60.0,8.17,8.14,4.86,12226
0.72,Ideal,D,SI2,61.3,56.0,5.77,5.74,3.52,2475
1.04,Premium,D,SI2,61.1,58.0,6.52,6.55,3.99,5599
1.04,Ideal,H,SI1,61.6,56.0,6.53,6.55,4.04,4755
0.32,Very Good,G,VS2,62.6,59.0,4.3,4.38,2.72,561
0.32,Ideal,H,VVS2,62.1,54.0,4.39,4.41,2.73,728
0.57,Ideal,G,VS2,61.2,56.0,5.36,5.4,3.29,1607
1.21,Very Good,H,SI1,62.3,56.0,6.8,6.77,4.22,7812
0.71,Ideal,E,VS2,61.9,56.0,5.71,5.74,3.54,3381
0.7,Very Good,E,SI1,62.9,59.0,5.59,5.63,3.52,2753
2.02,Premium,I,SI2,59.1,58.0,8.31,8.25,4.91,15169
1.06,Premium,G,VS2,61.6,58.0,6.49,6.53,4.01,4459
0.34,Very Good,I,SI1,62.9,58.0,4.5,4.47,2.82,393
0.5,Very Good,D,VS1,63.2,52.0,5.12,5.05,3.21,1908
0.73,Premium,G,VS1,61.7,58.0,5.76,5.74,3.55,2939
0.7,Very Good,F,SI1,63.5,60.0,5.58,5.6,3.55,2401
0.62,Good,F,VS1,60.9,61.0,5.63,5.5,3.38,2331
1.03,Very Good,G,VVS2,62.1,60.0,6.42,6.47,4.0,6768
0.71,Good,G,VS1,63.4,60.0,5.67,5.64,3.58,2535
1.02,Ideal,E,VS2,61.6,57.0,6.45,6.49,3.99,6787
0.91,Premium,G,SI2,61.0,60.0,6.27,6.2,3.8,3659
0.39,Ideal,I,IF,62.9,56.0,4.67,4.7,2.94,958
0.7,Very Good,I,VS1,63.5,58.0,5.62,5.57,3.55,2198
0.31,Ideal,D,SI1,61.4,56.0,4.37,4.38,2.69,571
1.35,Premium,E,VS1,61.3,60.0,7.1,7.04,4.33,12100
1.22,Ideal,H,SI1,61.2,56.0,6.89,6.84,4.2,6236
0.53,Very Good,F,VVS2,60.4,58.0,5.23,5.27,3.17,2297
0.91,Very Good,G,SI2,62.1,60.0,6.17,6.21,3.84,3299
0.3,Premium,F,VS2,61.9,58.0,4.3,4.26,2.65,776
0.9,Ideal,I,SI1,62.8,55.0,6.09,6.14,3.85,3185
1.2,Ideal,D,SI2,62.7,54.0,6.81,6.74,4.25,5368
1.0,Premium,G,VS2,60.0,58.0,6.54,6.47,3.89,5028
0.31,Ideal,H,VS1,62.7,56.0,4.36,4.31,2.72,698
0.58,Ideal,D,VS2,62.0,53.0,5.36,5.4,3.33,2067
0.7,Very Good,F,SI1,62.6,58.0,5.6,5.63,3.51,2196
2.06,Premium,J,SI1,61.8,59.0,8.22,8.17,5.05,13687
0.9,Very Good,F,SI1,63.4,59.0,6.1,6.04,3.85,3643
1.38,Good,H,SI2,61.0,62.0,7.06,7.11,4.33,6146
0.23,Ideal,G,VVS1,61.7,57.0,3.93,3.98,2.43,559
1.01,Premium,G,SI2,62.0,59.0,6.45,6.38,3.98,4304
0.36,Very Good,H,VVS2,61.3,59.0,4.56,4.64,2.82,706
0.57,Very Good,H,SI1,62.0,56.0,5.28,5.3,3.28,1291
0.91,Ideal,F,SI2,60.3,57.0,6.25,6.21,3.76,3580
0.42,Premium,F,SI1,61.5,58.0,4.82,4.8,2.96,945
0.93,Ideal,E,SI2,61.8,54.0,6.25,6.29,3.87,4860
0.32,Ideal,I,VS2,62.3,56.0,4.35,4.39,2.72,576
0.41,Ideal,E,SI1,62.1,57.0,4.8,4.77,2.97,904
0.5,Good,F,SI1,64.3,58.0,5.03,4.93,3.21,1230
2.2,Ideal,J,SI1,62.3,57.0,8.34,8.31,5.15,15375
1.24,Ideal,H,VS1,61.5,58.0,6.92,6.88,4.24,7792
1.01,Very Good,H,SI2,63.5,59.0,6.32,6.3,4.01,4324
0.9,Good,F,SI1,62.6,61.0,6.11,6.07,3.81,3802
2.07,Ideal,J,SI2,62.1,54.2,8.13,8.18,5.07,15766
1.01,Good,D,SI2,64.0,58.0,6.29,6.33,4.04,3210
0.72,Ideal,F,SI2,61.5,56.0,5.75,5.79,3.54,2409
1.38,Premium,F,SI2,62.0,57.0,7.16,7.11,4.41,7744
1.5,Ideal,I,VS2,60.2,59.0,7.4,7.45,4.47,9596
0.51,Ideal,G,SI1,61.7,57.0,5.19,5.15,3.19,1369
0.91,Good,H,VVS1,63.9,60.0,6.12,6.1,3.91,4682
1.03,Very Good,E,VS2,61.6,58.0,6.47,6.52,4.0,6248
0.54,Ideal,H,IF,60.7,57.0,5.27,5.34,3.21,1728
1.22,Ideal,F,VVS2,60.9,57.0,6.9,6.92,4.21,12530
0.7,Premium,G,SI1,61.0,59.0,5.71,5.74,3.48,1970
0.31,Ideal,D,VS2,62.4,57.0,4.34,4.31,2.7,942
1.36,Premium,G,VS2,61.7,58.0,7.16,7.08,4.4,12168
0.31,Premium,F,VS2,62.1,59.0,4.33,4.29,2.68,802
1.01,Very Good,E,SI2,63.6,58.0,6.38,6.29,4.02,4579
0.5,Premium,D,VS2,62.6,59.0,5.09,5.06,3.17,1793
0.32,Ideal,I,VS1,61.2,55.3,4.39,4.42,2.69,529
0.71,Ideal,D,SI2,61.6,57.0,5.74,5.71,3.53,2690
1.52,Ideal,I,VS1,63.2,57.0,7.29,7.25,4.6,10682
0.5,Ideal,D,VS2,61.1,57.0,5.12,5.11,3.13,1722
0.4,Ideal,D,VS2,62.4,56.0,4.72,4.7,2.94,972
0.52,Ideal,E,SI2,61.9,57.0,5.19,5.16,3.2,1251
0.53,Ideal,E,VS2,61.1,56.0,5.22,5.24,3.19,1781
1.0,Good,G,SI2,63.8,56.0,6.31,6.27,4.02,4202
0.4,Premium,E,SI1,62.6,58.0,4.72,4.68,2.94,800
1.0,Premium,G,VS2,58.5,62.0,6.58,6.52,3.84,6394
1.72,Premium,G,VS2,60.1,60.0,7.79,7.85,4.68,15147
0.32,Premium,E,SI2,61.4,59.0,4.41,4.43,2.71,576
2.1,Very Good,H,SI2,60.3,61.0,8.32,8.27,5.02,12493
1.51,Premium,E,SI1,62.4,60.0,7.27,7.23,4.53,11263
1.01,Very Good,E,SI1,63.1,59.0,6.37,6.41,4.02,5395
0.3,Ideal,F,VVS1,61.8,57.0,4.27,4.3,2.65,814
0.32,Ideal,G,SI2,62.4,57.0,4.36,4.38,2.72,459
0.34,Very Good,F,SI1,61.3,61.0,4.41,4.45,2.71,566
0.55,Ideal,D,VS2,61.6,56.0,5.31,5.28,3.26,2026
1.5,Premium,F,SI1,60.5,60.0,7.38,7.32,4.43,11019
1.0,Very Good,H,VS2,62.6,56.0,6.42,6.35,3.99,5073
1.51,Very Good,F,SI1,61.0,58.0,7.4,7.44,4.52,11286
0.32,Premium,J,VS1,61.1,58.0,4.38,4.41,2.69,413
0.54,Ideal,G,VVS2,60.8,56.0,5.25,5.31,3.21,1789
0.9,Good,I,VS2,61.9,61.0,6.14,6.18,3.82,3462
2.03,Very Good,H,SI1,59.7,57.0,8.19,8.23,4.91,17759
0.33,Ideal,H,VVS2,61.5,56.0,4.46,4.49,2.75,672
1.02,Ideal,G,SI1,62.5,56.0,6.41,6.38,4.0,5378
1.2,Premium,D,SI1,62.4,58.0,6.82,6.76,4.25,7950
1.19,Ideal,F,VVS1,61.6,55.0,6.86,6.81,4.21,10663
0.53,Very Good,G,VS2,62.7,57.0,5.14,5.12,3.22,1607
1.0,Good,H,VS2,63.3,58.0,6.33,6.35,4.01,5931
1.5,Premium,H,SI1,61.3,58.0,7.43,7.4,4.55,10336
0.46,Ideal,D,VS1,61.3,56.0,4.95,4.91,3.03,1230
0.32,Very Good,E,SI2,63.1,56.0,4.35,4.28,2.72,576
1.5,Very Good,H,VS1,60.3,59.0,7.38,7.41,4.46,11637
1.03,Ideal,E,SI2,62.5,57.0,6.42,6.46,4.02,4439
1.01,Very Good,F,SI1,60.2,59.0,6.47,6.51,3.9,4352
1.7,Very Good,H,SI1,63.5,56.0,7.61,7.5,4.8,11836
0.32,Ideal,I,VS2,62.3,56.0,4.41,4.41,2.75,476
0.71,Very Good,E,SI1,62.8,60.0,5.63,5.67,3.55,2677
0.58,Ideal,G,VVS2,61.5,56.0,5.33,5.36,3.29,1976
1.07,Ideal,H,SI2,61.4,57.0,6.66,6.6,4.06,4693
1.03,Ideal,E,SI2,61.3,57.0,6.53,6.52,4.0,4176
0.4,Ideal,D,SI1,62.0,57.0,4.75,4.78,2.96,852
0.94,Ideal,I,SI1,61.6,56.0,6.28,6.34,3.88,3713
1.15,Very Good,G,SI2,63.2,58.0,6.63,6.6,4.18,4419
0.34,Ideal,G,IF,61.8,54.0,4.48,4.5,2.78,974
1.21,Premium,G,VS1,60.1,59.0,6.98,6.89,4.18,8176
1.01,Very Good,D,SI1,60.5,58.0,6.5,6.46,3.92,5264
0.33,Ideal,E,VS2,61.9,56.0,4.45,4.49,2.76,746
1.01,Ideal,G,VS2,61.9,56.0,6.38,6.49,3.98,5759
1.14,Premium,H,SI1,62.4,60.0,6.67,6.63,4.15,4637
0.32,Ideal,D,SI1,62.7,57.0,4.34,4.38,2.73,780
1.31,Ideal,G,VS1,61.9,56.0,6.98,7.05,4.34,10331
0.3,Ideal,F,IF,62.5,55.0,4.31,4.29,2.69,1013
0.7,Ideal,J,VS1,60.4,57.0,5.71,5.74,3.46,2338
0.54,Premium,E,VS1,61.7,59.0,5.22,5.16,3.2,1838
1.0,Good,G,SI2,63.8,58.0,6.31,6.37,4.04,3999
1.21,Very Good,H,VS2,60.1,58.0,6.89,6.86,4.13,6733
1.18,Ideal,F,VS2,61.7,54.0,6.77,6.82,4.19,8454
1.53,Ideal,H,VS2,62.1,57.0,7.42,7.37,4.6,12468
0.3,Ideal,D,VS2,62.5,55.0,4.31,4.29,2.68,911
1.0,Ideal,D,SI2,59.8,57.0,6.43,6.5,3.86,4939
0.55,Ideal,G,VS2,60.9,57.0,5.3,5.33,3.24,1637
0.53,Very Good,E,SI2,63.0,54.0,5.15,5.18,3.26,1227
0.6,Ideal,E,VS1,60.1,57.0,5.49,5.53,3.32,2208
0.39,Ideal,G,VS1,61.9,54.0,4.69,4.71,2.9,899
0.32,Ideal,H,VS1,62.1,54.0,4.4,4.38,2.73,720
0.3,Ideal,D,VVS2,61.6,56.0,4.35,4.38,2.69,858
1.04,Ideal,G,VS2,61.2,57.0,6.52,6.55,4.0,6290
0.4,Good,G,SI1,63.1,58.0,4.65,4.68,2.94,633
0.51,Premium,D,SI2,60.7,58.0,5.19,5.18,3.16,1235
0.37,Ideal,E,SI1,61.2,56.0,4.59,4.64,2.82,833
1.65,Very Good,I,VVS1,62.0,56.0,7.62,7.65,4.72,11455
0.31,Ideal,G,VS2,62.5,57.0,4.34,4.31,2.7,698
0.51,Ideal,G,VS1,61.9,53.0,5.15,5.19,3.2,1758
0.3,Ideal,G,IF,61.7,56.0,4.31,4.32,2.66,861
0.3,Ideal,G,SI1,61.0,56.0,4.3,4.34,2.63,422
0.34,Ideal,F,SI2,62.0,56.0,4.53,4.5,2.8,574
1.0,Good,D,SI1,57.7,59.0,6.61,6.58,3.81,5665
0.54,Ideal,H,SI1,61.2,56.0,5.26,5.3,3.23,1186
0.3,Premium,D,VS2,62.9,56.0,4.28,4.24,2.68,911
0.31,Very Good,H,VS2,62.2,56.0,4.3,4.34,2.69,521
1.62,Ideal,H,VS2,61.9,54.0,7.57,7.6,4.69,13325
0.94,Premium,F,SI2,62.7,58.0,6.22,6.15,3.88,4162
1.01,Very Good,G,VVS1,62.9,54.0,6.36,6.43,4.02,7891
0.32,Premium,I,VVS2,61.6,58.0,4.35,4.39,2.69,561
0.51,Very Good,F,SI1,62.9,56.0,5.06,5.1,3.2,1255
0.71,Very Good,H,SI1,63.3,54.0,5.68,5.73,3.61,2180
0.32,Premium,E,SI1,61.5,58.0,4.45,4.4,2.72,720
0.57,Ideal,F,VS1,62.0,56.0,5.3,5.3,3.29,1809
0.57,Ideal,E,VS1,61.0,56.0,5.41,5.38,3.28,2070
0.9,Ideal,I,SI2,62.0,57.0,6.12,6.17,3.79,3028
1.0,Premium,F,SI2,61.0,59.0,6.38,6.41,3.9,4451
0.32,Very Good,G,VS2,62.8,58.0,4.35,4.34,2.73,561
0.74,Fair,H,VS1,65.3,56.0,5.64,5.58,3.66,2453
0.31,Ideal,G,VS1,62.8,56.0,4.36,4.31,2.72,828
0.27,Ideal,G,VS2,60.9,55.0,4.14,4.18,2.52,490
1.07,Ideal,I,VS1,62.3,57.0,6.56,6.53,4.08,4969
1.24,Ideal,E,SI2,61.6,57.0,6.91,6.87,4.25,6169
1.21,Premium,H,VS1,62.1,56.0,6.86,6.82,4.25,7496
0.7,Good,G,SI1,58.2,63.0,5.79,5.82,3.41,2484
0.71,Good,G,SI1,61.5,62.0,5.67,5.73,3.5,2252
1.07,Ideal,D,SI2,61.6,57.0,6.57,6.53,4.04,5038
0.9,Premium,H,VS2,62.6,60.0,6.16,6.13,3.84,3669
1.22,Premium,I,VS2,60.0,58.0,6.89,6.92,4.15,4879
0.7,Ideal,E,VS2,60.5,56.0,5.8,5.77,3.5,2735
0.5,Ideal,D,VS1,61.8,57.0,5.07,5.11,3.13,2180
0.41,Ideal,F,VS1,61.6,56.0,4.79,4.76,2.94,1063
1.02,Premium,F,SI2,62.2,58.0,6.48,6.42,4.01,5033
0.33,Ideal,D,VVS1,61.2,57.0,4.45,4.49,2.73,1151
0.56,Ideal,E,VS2,62.3,56.0,5.24,5.29,3.28,1819
1.54,Ideal,G,VVS2,62.2,56.0,7.36,7.43,4.6,15962
0.36,Ideal,G,SI1,61.8,57.0,4.56,4.54,2.81,537
1.24,Ideal,G,VS1,61.8,57.0,6.92,6.87,4.27,9330
0.71,Very Good,E,VS1,61.2,60.0,5.73,5.76,3.51,2800
2.12,Very Good,I,SI1,61.9,59.0,8.21,8.27,5.09,14998
0.4,Very Good,G,VS2,60.4,58.0,4.84,4.81,2.91,847
0.8,Premium,E,SI2,60.4,60.0,5.96,5.99,3.62,3101
0.9,Good,I,SI1,63.8,58.0,6.09,6.15,3.91,4682
1.18,Very Good,F,SI1,59.6,63.0,6.81,6.89,4.1,6763
0.41,Ideal,D,VS1,61.7,56.0,4.76,4.79,2.95,1140
1.01,Premium,G,VS2,60.5,59.0,6.47,6.44,3.91,6116
0.6,Ideal,D,SI1,62.4,55.0,5.37,5.39,3.36,1622
1.22,Very Good,G,VS1,60.7,58.0,6.91,6.95,4.21,8736
0.39,Ideal,E,VS2,61.7,57.0,4.64,4.65,2.88,1054
0.31,Ideal,E,VS2,61.5,56.0,4.36,4.39,2.69,680
1.73,Premium,I,VS1,62.6,58.0,7.68,7.65,4.8,10164
1.01,Premium,G,SI1,59.5,59.0,6.53,6.58,3.89,5148
0.32,Premium,G,VS2,60.6,58.0,4.44,4.4,2.67,561
0.41,Very Good,F,SI1,60.6,59.0,4.78,4.84,2.92,992
1.01,Very Good,G,SI2,63.5,59.0,6.27,6.23,3.98,4672
0.52,Ideal,H,VS1,62.2,56.0,5.18,5.15,3.21,1571
0.79,Ideal,H,SI1,61.7,56.0,5.91,5.94,3.66,2644
0.8,Ideal,F,SI1,62.3,56.0,5.95,5.97,3.72,3087
0.51,Premium,E,VS2,61.5,58.0,5.14,5.18,3.17,1837
0.31,Very Good,D,SI1,62.8,59.0,4.29,4.31,2.7,592
2.01,Ideal,H,SI2,62.6,57.0,8.09,8.03,5.04,16025
0.51,Ideal,E,SI2,62.3,57.0,5.11,5.09,3.18,1385
0.56,Ideal,G,SI2,60.4,57.0,5.36,5.4,3.24,1026
1.52,Ideal,G,SI1,59.2,59.0,7.38,7.48,4.42,10423
0.26,Very Good,G,VS1,62.3,58.0,4.1,4.11,2.56,447
0.32,Ideal,F,VS2,61.7,57.0,4.37,4.34,2.69,828
0.71,Premium,F,VS1,62.6,60.0,5.66,5.64,3.54,2869
1.27,Very Good,J,SI1,61.0,60.0,6.99,6.95,4.25,5672
0.6,Premium,J,IF,60.6,58.0,5.42,5.47,3.3,1941
0.27,Very Good,F,VVS1,61.0,56.0,4.17,4.19,2.55,583
1.0,Good,F,SI1,63.9,61.0,6.31,6.35,4.04,4078
2.01,Good,E,SI2,63.2,59.0,8.03,7.95,5.04,17640
2.17,Premium,H,SI1,61.3,59.0,8.3,8.36,5.12,13232
2.5,Fair,H,SI2,66.8,57.0,8.34,8.26,5.58,17220
1.01,Very Good,G,VS1,63.2,59.0,6.34,6.39,4.01,5812
0.9,Good,F,SI1,63.3,57.0,6.12,6.17,3.89,3992
0.58,Ideal,G,VS1,62.0,56.0,5.32,5.35,3.32,1949
2.34,Ideal,I,SI2,62.6,55.0,8.44,8.51,5.29,9850
0.56,Ideal,D,SI1,61.7,57.0,5.32,5.28,3.26,1723
0.83,Ideal,E,SI2,61.9,56.0,5.99,6.06,3.73,3291
0.7,Very Good,D,SI1,62.6,55.0,5.67,5.7,3.56,2666
0.4,Ideal,D,SI2,61.6,56.0,4.74,4.79,2.93,693
0.31,Ideal,F,IF,62.1,56.0,4.36,4.33,2.7,990
0.55,Ideal,G,SI1,62.3,54.0,5.26,5.29,3.29,1395
0.54,Ideal,E,VS2,60.1,57.0,5.31,5.33,3.2,1776
0.32,Ideal,E,VS2,62.0,56.0,4.4,4.39,2.73,900
0.39,Premium,E,VS1,61.2,58.0,4.71,4.74,2.89,951
1.5,Very Good,G,VS1,62.0,58.0,7.33,7.31,4.54,14383
1.53,Ideal,G,VS1,61.0,55.0,7.41,7.44,4.53,15038
0.7,Very Good,H,VS2,61.5,59.0,5.67,5.75,3.51,2513
0.55,Ideal,J,SI1,62.1,55.0,5.28,5.29,3.28,1134
1.0,Very Good,H,VS2,63.2,54.0,6.37,6.3,4.01,4900
1.75,Very Good,H,VS2,61.8,58.0,7.63,7.74,4.75,17051
0.79,Very Good,D,SI2,63.6,57.0,5.85,5.88,3.72,2807
1.01,Premium,E,SI1,63.0,59.0,6.42,6.4,4.03,5183
1.25,Premium,F,VS2,61.8,58.0,6.91,6.87,4.26,9412
0.67,Good,G,VVS2,60.2,64.0,5.64,5.53,3.36,2224
0.3,Ideal,H,SI1,61.0,57.0,4.34,4.38,2.66,477
0.71,Ideal,D,SI1,62.3,56.0,5.68,5.72,3.55,2732
0.4,Very Good,G,SI1,63.4,56.0,4.65,4.67,2.95,810
0.91,Premium,H,SI1,62.4,57.0,6.19,6.15,3.85,3639
0.7,Ideal,H,SI1,61.6,56.0,5.69,5.73,3.52,2352
0.33,Premium,E,SI1,61.7,58.0,4.41,4.45,2.73,579
0.42,Ideal,E,VS2,62.0,56.0,4.81,4.84,2.99,958
0.9,Good,H,SI2,62.2,62.0,6.12,6.19,3.83,3149
1.27,Ideal,G,VS2,61.5,55.0,6.95,6.97,4.28,9060
0.31,Ideal,D,SI1,61.8,55.0,4.34,4.37,2.69,732
0.31,Ideal,G,VVS1,62.0,54.0,4.35,4.37,2.7,840
0.26,Very Good,H,VVS2,63.1,56.0,4.05,4.08,2.57,497
1.13,Very Good,H,VS2,63.2,55.0,6.57,6.6,4.16,6132
1.01,Ideal,D,VS2,61.4,57.0,6.46,6.49,3.98,8687
1.5,Very Good,E,SI1,62.5,58.0,7.19,7.31,4.53,12336
1.05,Ideal,G,VS1,62.1,56.0,6.54,6.51,4.06,7397
0.32,Ideal,G,VVS1,61.9,55.0,4.37,4.42,2.72,842
1.21,Ideal,F,VS1,62.1,53.0,6.89,6.86,4.26,10032
0.31,Ideal,F,VS2,61.5,55.0,4.4,4.38,2.7,802
0.74,Very Good,G,VS2,62.6,58.0,5.69,5.76,3.58,2642
1.27,Ideal,H,VS1,61.8,56.0,6.99,6.95,4.32,8602
0.59,Ideal,F,VVS2,61.3,55.0,5.35,5.42,3.3,2274
0.31,Ideal,F,IF,62.3,54.0,4.33,4.35,2.7,914
0.32,Ideal,G,VVS1,61.9,56.0,4.4,4.35,2.71,812
1.02,Premium,I,SI2,61.1,60.0,6.41,6.44,3.93,3886
1.14,Ideal,G,VS1,61.5,57.0,6.7,6.73,4.13,7526
1.24,Ideal,G,VS1,61.3,56.0,6.98,6.95,4.27,8431
1.2,Premium,I,SI1,61.7,56.0,6.77,6.84,4.2,5618
0.82,Ideal,I,SI1,61.6,57.0,6.02,6.05,3.71,2965
2.17,Ideal,H,SI2,62.3,57.0,8.29,8.32,5.15,17408
0.31,Fair,D,SI1,64.7,58.0,4.33,4.24,2.77,708
1.33,Ideal,J,SI1,61.1,55.0,7.14,7.12,4.37,5330
0.31,Ideal,E,VS1,61.4,55.0,4.37,4.4,2.69,871
0.5,Ideal,E,SI1,61.9,57.0,5.09,5.12,3.16,1337
0.75,Ideal,H,SI1,62.3,57.0,5.79,5.84,3.62,2964
1.0,Premium,J,SI1,62.8,59.0,6.37,6.29,3.97,3750
0.34,Ideal,G,VS1,60.3,57.0,4.53,4.51,2.72,645
0.56,Ideal,H,VVS1,60.4,56.0,5.35,5.39,3.25,2052
0.53,Ideal,D,VS1,62.3,54.0,5.17,5.23,3.23,1793
1.25,Ideal,G,VS2,61.0,57.0,7.03,6.96,4.28,8726
1.01,Ideal,H,SI2,60.9,56.0,6.51,6.45,3.95,4321
0.52,Ideal,G,VS1,61.4,55.0,5.17,5.26,3.2,1643
0.41,Ideal,E,VS2,62.9,56.0,4.75,4.72,2.97,1091
0.23,Very Good,F,VVS2,60.9,58.0,3.94,3.97,2.42,530
1.21,Very Good,J,VS2,60.8,57.0,6.87,6.91,4.19,5190
1.07,Premium,F,SI1,62.2,58.0,6.56,6.51,4.07,5222
0.31,Ideal,F,VVS1,60.5,57.0,4.38,4.4,2.66,840
0.76,Ideal,G,SI2,60.9,56.0,5.91,5.87,3.6,2088
0.55,Ideal,D,SI1,61.4,55.0,5.28,5.24,3.24,1240
0.41,Ideal,E,VS1,61.4,55.0,4.83,4.81,2.96,1153
1.01,Good,F,VVS1,60.9,62.0,6.41,6.46,3.92,8286
0.51,Ideal,E,VS2,60.9,57.0,5.18,5.15,3.15,1626
0.93,Very Good,E,SI1,62.6,56.0,6.19,6.23,3.89,4351
0.4,Ideal,E,VS1,62.6,55.0,4.66,4.69,2.93,1125
0.3,Ideal,G,VS1,62.2,56.0,4.28,4.31,2.67,624
0.79,Ideal,F,SI1,61.0,56.0,5.96,5.99,3.64,3994
0.7,Very Good,H,VS1,62.8,56.0,5.61,5.65,3.53,2329
0.41,Ideal,F,VS1,62.3,55.0,4.75,4.78,2.97,1007
1.36,Very Good,I,VS1,60.7,56.0,7.18,7.22,4.38,8580
0.42,Very Good,F,SI1,61.5,57.0,4.78,4.81,2.95,926
0.54,Ideal,F,VS2,62.2,54.0,5.21,5.24,3.25,1736
1.15,Premium,H,VS1,62.9,58.0,6.72,6.66,4.2,7277
0.25,Very Good,H,VVS1,62.0,55.0,4.02,4.06,2.51,472
0.74,Ideal,D,SI1,62.7,55.0,5.76,5.79,3.62,3311
0.5,Good,G,VS2,63.5,58.0,5.06,5.03,3.2,1291
0.8,Ideal,H,SI1,62.3,56.0,5.9,5.86,3.67,3270
0.31,Ideal,E,VS2,61.8,56.0,4.35,4.38,2.69,640
0.71,Ideal,G,VS2,62.5,56.0,5.69,5.72,3.57,2509
1.5,Very Good,F,VS2,62.2,57.0,7.23,7.29,4.52,11836
0.37,Ideal,D,SI1,61.7,56.0,4.64,4.6,2.85,739
1.05,Premium,H,SI2,61.7,59.0,6.55,6.53,4.04,3720
1.56,Premium,I,VS2,59.7,60.0,7.52,7.54,4.48,10833
0.54,Premium,E,SI1,62.0,58.0,5.24,5.21,3.23,1395
0.54,Ideal,I,VS2,61.3,56.0,5.22,5.24,3.21,1132
0.3,Premium,G,SI1,62.5,58.0,4.34,4.31,2.7,612
1.01,Very Good,F,SI1,60.2,60.0,6.44,6.47,3.89,5051
0.31,Ideal,H,VVS1,62.1,54.0,4.35,4.38,2.71,638
1.25,Premium,I,VS2,60.7,58.0,6.96,7.01,4.23,5988
1.0,Premium,I,SI1,62.4,58.0,6.35,6.32,3.96,3968
0.52,Very Good,E,SI1,62.2,60.0,5.11,5.15,3.19,1323
1.01,Premium,E,VS1,59.8,62.0,6.45,6.41,3.86,7452
0.9,Ideal,G,SI2,61.2,57.0,6.21,6.23,3.8,3521
1.2,Ideal,H,SI1,62.0,56.0,6.82,6.85,4.24,6804
1.01,Ideal,G,VS2,62.1,57.0,6.43,6.39,3.98,6340
1.51,Ideal,G,VS2,62.2,54.0,7.32,7.38,4.57,13109
1.06,Ideal,F,VVS2,61.3,56.0,6.54,6.6,4.03,8941
0.9,Ideal,E,SI2,62.2,57.0,6.16,6.19,3.84,3756
0.34,Premium,H,VS2,62.0,60.0,4.48,4.52,2.79,537
1.1,Ideal,G,VS2,61.1,56.0,6.64,6.69,4.08,6541
0.23,Very Good,G,VVS1,60.2,59.0,4.0,4.01,2.41,415
0.32,Ideal,H,VS2,62.0,55.0,4.4,4.43,2.74,505
0.5,Ideal,D,VS2,62.5,57.0,5.05,5.01,3.14,1575
1.19,Very Good,H,SI2,62.0,58.0,6.78,6.82,4.22,5356
1.01,Ideal,H,SI1,61.1,58.0,6.4,6.44,3.93,4580
0.34,Premium,E,SI1,61.9,59.0,4.41,4.46,2.74,596
1.27,Ideal,F,VS2,62.6,56.0,6.92,6.88,4.32,10090
1.01,Ideal,E,SI1,61.5,58.0,6.41,6.43,3.95,5608
0.9,Very Good,E,VS2,60.2,58.0,6.19,6.23,3.73,5608
1.03,Premium,E,VS2,60.8,58.0,6.56,6.51,3.98,6720
0.74,Fair,H,SI1,60.6,66.0,5.77,5.81,3.5,1995
0.31,Ideal,G,IF,61.7,55.0,4.34,4.37,2.69,891
1.56,Very Good,I,VS2,61.5,59.0,7.45,7.48,4.59,10763
0.3,Ideal,H,VS2,61.4,55.0,4.34,4.36,2.67,491
0.7,Very Good,F,VS1,61.5,58.0,5.65,5.71,3.49,3254
1.02,Good,H,SI2,61.6,61.0,6.39,6.43,3.95,3548
1.01,Very Good,E,SI1,60.0,59.0,6.52,6.56,3.93,5257
0.42,Ideal,F,VS2,62.0,57.0,4.81,4.76,2.96,968
1.51,Ideal,G,VS1,62.0,56.0,7.32,7.37,4.55,14479
0.31,Ideal,H,SI1,61.9,54.0,4.38,4.41,2.72,434
0.41,Very Good,E,SI1,62.7,55.0,4.74,4.77,2.98,755
0.34,Ideal,H,VS1,60.4,55.0,4.54,4.56,2.75,596
1.1,Premium,F,SI2,61.4,59.0,6.65,6.62,4.08,4347
0.7,Ideal,E,SI2,61.4,56.0,5.77,5.75,3.53,2026
0.31,Ideal,E,VS2,61.7,55.0,4.38,4.41,2.72,872
2.01,Premium,H,VS2,61.1,58.0,8.14,8.09,4.95,18215
1.05,Very Good,F,VS1,60.5,56.0,6.57,6.62,4.0,7485
1.52,Very Good,F,VS1,61.9,56.0,7.31,7.39,4.55,15649
0.9,Premium,F,SI2,61.6,58.0,6.19,6.16,3.8,4011
0.91,Premium,E,SI1,62.3,58.0,6.18,6.14,3.83,3951
1.55,Ideal,I,VS1,62.5,55.0,7.39,7.36,4.6,11460
1.18,Ideal,F,VS1,62.1,55.0,6.76,6.8,4.21,9503
0.5,Very Good,D,SI1,62.7,58.0,5.03,5.06,3.17,1415
0.74,Premium,G,SI1,61.3,58.0,5.78,5.84,3.57,2448
1.25,Ideal,G,VS1,62.1,57.0,6.95,6.89,4.29,9618
0.27,Ideal,E,VS2,61.9,56.0,4.14,4.17,2.57,620
0.58,Ideal,E,SI1,61.9,55.0,5.32,5.38,3.31,1636
0.93,Very Good,D,SI1,63.8,57.0,6.21,6.16,3.94,5285
1.26,Ideal,F,SI2,61.2,57.0,7.02,6.98,4.28,6628
1.01,Ideal,G,VVS2,63.1,56.0,6.39,6.35,4.02,8701
0.41,Ideal,E,VS2,62.1,57.0,4.75,4.75,2.95,935
1.05,Very Good,H,VVS2,61.6,56.0,6.49,6.52,4.01,6974
0.31,Very Good,H,VS2,63.3,56.0,4.3,4.33,2.73,489
1.52,Premium,E,VS2,62.7,59.0,7.31,7.29,4.58,13887
1.0,Very Good,G,VS2,62.8,57.0,6.38,6.34,4.0,5973
1.01,Good,I,SI2,63.4,58.0,6.34,6.37,4.03,3823
1.01,Ideal,F,SI2,62.4,55.0,6.39,6.43,4.0,5182
1.12,Ideal,F,VS1,61.5,57.0,6.64,6.66,4.08,8457
0.41,Ideal,I,VVS1,61.1,56.0,4.81,4.82,2.94,863
0.59,Ideal,F,SI1,61.8,57.0,5.39,5.35,3.32,1569
0.53,Ideal,E,SI1,61.4,56.0,5.25,5.28,3.24,1624
1.03,Very Good,D,SI1,63.3,56.0,6.35,6.38,4.03,5078
2.0,Premium,F,SI2,63.0,59.0,8.01,7.98,5.03,14065
0.9,Premium,E,SI2,60.4,59.0,6.16,6.19,3.73,3300
1.11,Good,F,SI2,63.2,58.0,6.51,6.59,4.13,4170
0.32,Ideal,H,VS2,62.2,58.0,4.37,4.42,2.73,505
2.03,Premium,F,SI2,62.5,60.0,8.13,8.09,5.06,18804
0.71,Very Good,D,VS1,63.5,57.0,5.66,5.69,3.6,3222
1.03,Premium,G,VS1,62.4,58.0,6.48,6.45,4.03,6814
0.51,Premium,G,VVS2,59.9,59.0,5.19,5.2,3.11,1844
0.5,Ideal,I,SI1,62.4,56.0,5.08,5.04,3.16,1035
1.06,Ideal,G,SI2,61.9,57.0,6.54,6.57,4.05,4355
1.01,Ideal,E,SI1,62.0,56.0,6.49,6.45,4.01,6289
0.72,Ideal,F,SI2,61.6,56.0,5.74,5.77,3.54,2282
0.74,Very Good,D,VS1,60.8,59.0,5.82,5.86,3.55,3616
0.78,Ideal,F,VS2,61.9,54.0,5.88,5.92,3.64,4013
0.38,Ideal,F,VS1,62.1,54.0,4.64,4.69,2.9,1007
0.29,Ideal,I,VS2,62.2,55.0,4.23,4.26,2.64,481
0.32,Very Good,E,SI2,60.8,61.0,4.39,4.42,2.68,449
0.31,Premium,G,VVS1,61.5,59.0,4.37,4.35,2.68,740
0.72,Ideal,H,SI1,62.7,56.0,5.71,5.74,3.59,2294
2.01,Ideal,D,SI2,62.8,58.0,8.04,8.07,5.05,15887
1.01,Premium,E,SI2,62.7,59.0,6.37,6.32,3.98,4630
1.24,Premium,G,SI2,61.0,60.0,6.88,6.92,4.2,5550
0.9,Premium,D,SI1,59.5,58.0,6.27,6.34,3.74,4029
1.02,Very Good,G,VS2,62.4,58.0,6.42,6.47,4.02,6058
0.73,Premium,D,SI1,62.0,58.0,5.75,5.79,3.58,2816
1.01,Premium,G,VVS2,62.0,61.0,6.43,6.34,3.96,7056
0.41,Ideal,F,VVS1,61.4,56.0,4.77,4.8,2.94,1168
1.5,Fair,H,SI1,64.7,60.0,7.06,7.11,4.57,7961
0.41,Very Good,F,VVS1,62.3,59.0,4.78,4.81,2.98,1245
1.23,Ideal,G,VVS2,61.7,55.0,6.92,6.86,4.26,10063
1.02,Ideal,G,VS1,60.7,56.0,6.5,6.54,3.97,6951
0.39,Ideal,E,VVS2,61.2,57.0,4.77,4.73,2.91,1072
0.3,Very Good,D,VS2,63.0,58.0,4.32,4.3,2.71,710
1.0,Very Good,I,SI2,61.9,58.0,6.4,6.38,3.96,3797
1.57,Ideal,G,VS2,62.4,56.0,7.46,7.43,4.64,14308
0.43,Ideal,G,VVS2,62.0,56.0,4.83,4.85,3.0,1135
0.43,Premium,G,IF,61.6,59.0,4.84,4.88,2.99,1364
0.34,Premium,E,VS1,62.3,58.0,4.46,4.49,2.79,677
0.3,Premium,G,VVS1,61.6,59.0,4.31,4.33,2.66,789
0.33,Ideal,H,VVS1,62.2,57.0,4.41,4.44,2.75,730
2.02,Premium,G,VS2,61.6,58.0,8.05,8.12,4.98,17784
0.31,Very Good,G,VVS1,60.4,59.0,4.4,4.43,2.66,789
0.9,Premium,F,SI2,62.0,58.0,6.18,6.22,3.84,3662
1.25,Premium,G,VVS2,62.0,55.0,6.91,6.87,4.27,9035
0.25,Very Good,E,SI1,61.0,61.0,4.05,4.08,2.47,548
0.59,Premium,I,VS2,61.7,58.0,5.38,5.32,3.3,1323
0.93,Fair,D,SI1,65.0,56.0,6.23,6.17,4.02,4284
0.31,Ideal,G,SI1,61.8,56.0,4.35,4.37,2.69,516
0.41,Premium,E,VS2,61.7,58.0,4.74,4.79,2.94,999
1.5,Premium,H,SI2,62.1,60.0,7.24,7.28,4.5,7744
1.05,Ideal,E,VS2,61.6,55.0,6.51,6.54,4.02,8110
0.51,Ideal,F,SI1,62.2,55.0,5.12,5.15,3.19,1268
0.71,Ideal,D,VS2,62.3,56.0,5.69,5.74,3.56,3345
0.51,Ideal,G,VS1,61.4,55.0,5.12,5.15,3.16,1624
1.22,Ideal,G,SI2,61.4,56.0,6.85,6.91,4.23,6147
1.03,Good,D,SI2,63.8,58.0,6.34,6.38,4.06,7026
0.51,Ideal,E,VS2,61.3,55.0,5.17,5.2,3.17,1787
1.02,Ideal,G,SI1,61.5,56.0,6.53,6.5,4.0,4718
0.51,Very Good,D,SI1,61.0,63.0,5.1,5.06,3.11,1382
0.35,Ideal,J,VS2,61.9,56.0,4.53,4.55,2.81,450
0.41,Ideal,E,VVS1,62.5,55.0,4.74,4.79,2.98,944
0.42,Ideal,D,SI1,61.9,55.0,4.8,4.79,2.97,893
1.56,Premium,I,VS1,61.1,58.0,7.55,7.48,4.61,9105
0.9,Very Good,D,SI1,63.1,54.0,6.16,6.19,3.89,4309
1.01,Ideal,E,SI1,60.6,55.0,6.56,6.5,3.96,4853
1.5,Premium,E,SI2,61.8,60.0,7.3,7.25,4.49,10314
0.6,Ideal,E,SI1,61.9,56.0,5.4,5.44,3.36,1622
1.01,Premium,H,SI1,62.1,60.0,6.4,6.43,3.99,5088
0.4,Ideal,H,VVS2,61.9,55.0,4.74,4.78,2.95,867
0.32,Ideal,D,VVS2,61.0,56.0,4.42,4.44,2.7,932
1.5,Very Good,E,SI2,63.6,56.7,7.19,7.23,4.59,9533
0.58,Ideal,G,VVS2,62.0,57.0,5.35,5.38,3.32,2096
1.0,Ideal,F,VS2,61.0,57.0,6.47,6.44,3.93,7037
0.53,Ideal,F,SI1,61.8,56.0,5.2,5.21,3.22,1349
0.77,Very Good,F,VS1,62.3,58.0,5.82,5.86,3.63,4101
2.01,Premium,I,SI2,61.9,61.0,8.07,8.0,4.98,11322
0.72,Premium,E,SI1,60.9,59.0,5.8,5.77,3.52,3084
0.32,Ideal,E,VS2,62.2,55.0,4.41,4.37,2.73,828
1.04,Premium,H,VS2,60.4,61.0,6.5,6.48,3.92,5601
1.51,Ideal,E,VS2,61.7,56.0,7.36,7.4,4.55,14482
2.04,Premium,G,SI2,61.9,58.0,8.15,8.09,5.02,16921
1.5,Very Good,I,VS1,61.2,59.0,7.35,7.3,4.48,10023
0.41,Very Good,F,VVS1,63.5,58.0,4.73,4.69,2.97,1247
1.05,Very Good,F,SI2,63.6,58.0,6.41,6.37,4.07,4591
0.4,Premium,F,VS1,60.5,58.0,4.77,4.7,2.87,1125
1.45,Premium,G,VS2,62.6,58.0,7.17,7.12,4.48,12872
0.31,Premium,G,VVS2,62.7,58.0,4.38,4.34,2.73,907
0.52,Ideal,H,VS1,62.1,54.0,5.19,5.21,3.23,1370
1.01,Ideal,F,VVS2,61.5,57.0,6.44,6.47,3.97,9730
0.76,Ideal,D,VS2,61.9,55.0,5.85,5.87,3.63,3468
0.72,Very Good,E,VS1,62.5,59.0,5.67,5.75,3.57,3050
1.16,Very Good,H,SI1,63.2,55.0,6.65,6.61,4.2,5769
0.75,Very Good,E,VVS2,61.5,59.0,5.83,5.85,3.58,3859
0.97,Very Good,G,SI1,61.3,56.0,6.34,6.38,3.91,4386
0.38,Premium,E,VS2,62.1,58.0,4.62,4.64,2.88,852
0.26,Ideal,F,VS1,62.4,56.0,4.06,4.09,2.54,597
0.55,Ideal,D,VS2,61.9,55.0,5.22,5.27,3.25,3780
0.32,Ideal,G,IF,62.1,55.0,4.39,4.43,2.74,954
0.73,Premium,I,SI1,62.2,58.0,5.79,5.76,3.59,2150
0.63,Ideal,D,VS2,60.8,56.0,5.53,5.55,3.36,2202
0.91,Premium,E,VS1,62.6,58.0,6.13,6.15,3.84,5222
0.31,Ideal,H,SI1,61.3,55.0,4.36,4.38,2.68,572
0.7,Premium,G,SI1,61.5,56.0,5.81,5.68,3.52,2318
0.7,Very Good,F,VS2,58.7,60.0,5.69,5.81,3.39,2650
0.32,Very Good,F,VS2,60.8,58.0,4.4,4.44,2.69,720
0.3,Good,I,VS2,63.7,57.0,4.27,4.3,2.73,468
1.05,Ideal,H,VS1,62.5,56.0,6.48,6.51,4.06,5979
1.6,Ideal,F,SI2,62.0,56.0,7.48,7.52,4.64,11233
1.0,Good,J,SI2,63.9,63.0,6.27,6.31,4.02,3293
0.57,Very Good,E,SI2,61.4,56.0,5.39,5.35,3.3,1312
1.03,Ideal,F,VVS2,61.9,56.0,6.51,6.47,4.01,8889
0.31,Premium,D,SI1,61.5,58.0,4.36,4.33,2.67,732
0.26,Very Good,F,VVS2,62.4,59.0,4.06,4.09,2.54,564
0.92,Premium,E,SI2,59.8,61.0,6.34,6.31,3.79,3864
0.41,Premium,D,VVS2,58.5,62.0,4.84,4.87,2.88,1163
0.4,Very Good,E,VVS2,61.1,59.0,4.76,4.79,2.92,1270
1.31,Premium,G,VS2,61.2,59.0,7.02,6.98,4.28,7357
0.41,Premium,E,SI2,61.4,58.0,4.81,4.75,2.93,827
0.71,Ideal,E,VS1,62.0,58.0,5.68,5.73,3.54,3139
1.18,Ideal,G,VS2,61.8,55.0,6.8,6.75,4.19,7915
0.31,Premium,D,SI1,59.7,62.0,4.42,4.4,2.63,732
0.54,Premium,D,SI1,62.6,57.0,5.19,5.16,3.24,1612
1.09,Ideal,J,SI2,60.9,54.0,6.69,6.65,4.07,4056
1.52,Ideal,I,SI1,60.4,58.0,7.38,7.47,4.49,8895
0.78,Ideal,I,SI1,62.6,54.0,5.88,5.92,3.69,2585
0.31,Ideal,F,VS2,61.0,56.0,4.35,4.36,2.66,573
0.4,Very Good,E,VS1,62.5,57.0,4.68,4.64,2.91,858
1.51,Good,H,VS2,63.3,58.0,7.26,7.33,4.61,10476
1.6,Premium,G,SI2,61.6,58.0,7.51,7.48,4.63,8873
2.01,Ideal,I,SI2,62.0,57.0,8.09,8.14,5.02,15398
0.72,Ideal,F,SI1,61.6,55.0,5.73,5.77,3.55,2535
0.87,Ideal,H,SI2,62.8,57.0,6.09,6.12,3.83,2870
0.36,Very Good,D,VS2,62.8,54.0,4.55,4.52,2.85,894
1.06,Premium,D,SI1,60.1,61.0,6.65,6.63,3.99,5817
0.32,Premium,F,VS2,61.8,58.0,4.44,4.4,2.73,828
0.33,Ideal,F,VS2,62.0,54.0,4.48,4.45,2.77,770
0.32,Ideal,E,SI2,62.0,57.0,4.38,4.41,2.73,489
0.91,Very Good,G,SI2,61.6,57.0,6.17,6.19,3.81,3300
1.01,Ideal,F,SI2,62.0,56.0,6.43,6.47,3.99,4303
1.61,Ideal,F,VS2,60.8,55.0,7.64,7.67,4.65,17214
0.41,Ideal,E,VVS2,62.9,56.0,4.74,4.7,2.96,1073
0.54,Ideal,E,VS1,61.9,57.0,5.24,5.26,3.25,2070
1.03,Premium,F,VS2,62.8,58.0,6.46,6.4,4.03,6738
3.01,Good,F,SI2,60.8,60.0,9.36,9.24,5.0,18640
0.9,Good,F,SI1,59.6,64.0,6.2,6.25,3.71,3931
1.22,Ideal,E,VVS1,61.8,56.0,6.82,6.85,4.23,13542
0.8,Very Good,D,SI1,62.8,57.0,5.92,5.89,3.71,3487
1.21,Premium,E,SI2,62.0,57.0,6.82,6.77,4.21,6147
0.72,Fair,G,SI1,58.1,66.0,5.92,5.88,3.44,2782
0.32,Ideal,E,VVS2,61.1,57.0,4.44,4.41,2.7,1012
0.55,Premium,F,VS1,59.7,58.0,5.36,5.33,3.18,1600
1.06,Ideal,F,SI1,61.7,57.0,6.55,6.58,4.05,5205
0.79,Ideal,H,SI1,61.8,56.0,5.96,5.92,3.67,2870
1.71,Ideal,H,VS1,60.6,57.0,7.68,7.7,4.65,13744
1.08,Very Good,G,VVS1,60.1,58.0,6.67,6.72,4.03,8288
1.61,Very Good,G,SI2,63.2,58.0,7.46,7.38,4.7,9293
1.02,Ideal,G,VS2,62.0,56.0,6.49,6.46,4.02,6416
0.8,Ideal,F,SI1,62.0,56.0,5.92,5.96,3.69,2760
0.33,Ideal,F,VVS1,63.0,57.0,4.42,4.38,2.77,854
0.26,Ideal,I,VS1,62.1,55.0,4.09,4.12,2.56,358
2.01,Premium,G,SI2,63.0,61.0,7.95,7.87,4.98,15568
0.71,Very Good,G,VS2,60.8,61.0,5.79,5.81,3.51,2402
1.0,Premium,G,VS2,62.6,58.0,6.35,6.29,3.96,5305
1.52,Good,E,SI2,63.5,59.0,7.19,7.23,4.59,8752
0.51,Premium,F,VS1,61.8,58.0,5.13,5.15,3.18,1746
0.3,Premium,D,VS2,60.7,58.0,4.34,4.38,2.64,652
1.52,Premium,H,VS2,60.6,58.0,7.45,7.41,4.5,11477
1.02,Premium,G,VS2,62.1,58.0,6.42,6.45,4.0,5452
1.0,Good,F,SI1,63.8,59.0,6.37,6.31,4.04,5937
1.2,Very Good,F,VS2,62.5,59.0,6.75,6.81,4.24,7711
1.17,Good,G,VS2,63.8,55.0,6.74,6.69,4.28,7632
0.32,Premium,F,VS2,61.6,58.0,4.4,4.37,2.7,828
0.3,Ideal,E,VS2,61.5,57.0,4.34,4.3,2.66,844
0.91,Very Good,E,SI1,62.4,59.0,6.13,6.18,3.84,3878
2.01,Ideal,D,SI2,62.9,57.0,8.02,7.96,5.04,16703
0.41,Very Good,H,VVS1,62.6,57.0,4.74,4.76,2.97,1063
1.19,Very Good,H,SI2,63.5,57.0,6.69,6.73,4.26,4652
0.29,Ideal,E,VVS2,60.7,55.0,4.3,4.33,2.62,669
0.24,Ideal,E,VVS2,60.1,57.0,4.02,4.07,2.44,599
0.41,Ideal,F,VS2,62.7,57.0,4.71,4.73,2.96,863
2.14,Ideal,J,SI2,61.5,57.0,8.33,8.26,5.09,12998
1.0,Very Good,G,VS2,63.4,60.0,6.35,6.29,4.0,6062
1.5,Good,H,SI1,63.7,58.0,7.23,7.18,4.61,8794
0.6,Ideal,D,SI1,62.3,56.0,5.41,5.37,3.35,1992
1.51,Ideal,G,VVS2,62.4,57.0,7.25,7.34,4.56,15272
0.32,Premium,D,VS2,61.3,59.0,4.42,4.39,2.7,972
1.08,Very Good,D,SI1,62.7,58.0,6.52,6.57,4.1,5758
0.53,Ideal,H,VS1,61.1,56.0,5.2,5.24,3.19,1636
0.32,Ideal,E,VS2,62.4,55.0,4.37,4.4,2.73,702
0.61,Ideal,H,VVS1,60.9,58.0,5.47,5.54,3.34,2063
0.35,Ideal,G,VS1,60.8,57.0,4.61,4.57,2.79,906
1.23,Very Good,I,SI1,61.3,59.0,6.84,6.92,4.21,5105
0.31,Ideal,H,VS2,62.0,54.0,4.35,4.4,2.71,511
0.58,Ideal,E,SI2,60.6,57.0,5.41,5.45,3.29,1383
0.35,Premium,D,VVS1,61.5,56.0,4.56,4.53,2.79,1257
0.3,Ideal,D,VS2,62.1,57.0,4.29,4.26,2.66,911
0.32,Ideal,G,VS2,61.8,55.0,4.36,4.37,2.7,672
0.41,Ideal,G,VVS2,60.8,56.0,4.8,4.85,2.94,901
0.33,Premium,G,VVS1,61.7,58.0,4.48,4.45,2.75,932
0.38,Ideal,G,VS2,61.8,54.0,4.67,4.72,2.9,841
0.31,Ideal,F,VVS1,61.5,56.0,4.37,4.4,2.69,926
0.3,Ideal,F,VS2,62.3,57.0,4.32,4.3,2.69,605
1.0,Very Good,H,SI1,59.8,57.0,6.42,6.46,3.86,5002
1.01,Very Good,G,SI1,59.3,57.0,6.52,6.56,3.87,4480
0.41,Premium,D,VS1,62.0,58.0,4.76,4.73,2.94,1138
0.81,Ideal,H,VS2,61.7,55.0,5.93,5.96,3.66,3230
0.9,Premium,G,VS2,62.5,59.0,6.19,6.16,3.86,4241
1.5,Premium,E,VS1,62.2,61.0,7.21,7.16,4.46,13678
1.53,Premium,G,VS2,61.4,58.0,7.39,7.46,4.56,12311
0.31,Ideal,E,VS2,61.8,55.0,4.36,4.41,2.71,642
0.7,Ideal,I,VS1,61.0,57.0,5.75,5.78,3.52,2441
1.51,Good,G,VS2,64.0,54.0,7.27,7.24,4.63,11114
1.01,Very Good,G,VVS2,59.3,59.0,6.48,6.55,3.87,8093
0.42,Ideal,D,VS1,61.6,56.0,4.85,4.81,2.97,1232
0.71,Ideal,E,SI1,61.9,56.0,5.74,5.77,3.55,2683
0.31,Ideal,I,VS1,62.3,54.0,4.38,4.35,2.72,628
1.55,Premium,H,VVS1,61.8,58.0,7.46,7.4,4.59,14593
1.01,Very Good,H,SI1,63.1,56.0,6.38,6.41,4.03,4855
0.43,Ideal,G,VS1,62.1,55.0,4.82,4.85,3.0,951
0.27,Very Good,E,VVS2,63.3,54.0,4.12,4.16,2.6,620
0.32,Good,F,SI2,63.9,56.0,4.34,4.37,2.78,421
1.13,Ideal,I,SI1,62.0,55.0,6.69,6.72,4.15,4967
0.4,Ideal,I,VS2,61.7,56.0,4.79,4.82,2.96,666
0.3,Very Good,G,VS1,61.7,60.0,4.27,4.24,2.62,604
0.32,Very Good,H,VVS1,63.1,57.0,4.33,4.36,2.74,730
1.51,Ideal,G,VS2,59.6,57.0,7.5,7.43,4.46,11531
0.3,Premium,G,VS1,62.6,60.0,4.25,4.29,2.67,605
0.3,Very Good,H,SI1,62.6,57.0,4.28,4.31,2.69,421
1.7,Good,I,SI2,62.5,59.0,7.55,7.49,4.71,8161
0.7,Premium,E,SI1,62.7,58.0,5.64,5.66,3.54,2550
1.6,Very Good,I,VS2,59.6,59.0,7.63,7.67,4.55,10907
1.01,Premium,E,SI2,61.5,57.0,6.47,6.44,3.97,3984
0.71,Ideal,F,VS2,61.2,57.0,5.72,5.8,3.53,3701
1.26,Ideal,G,VS2,61.1,55.0,7.04,7.0,4.28,8687
0.92,Ideal,E,SI1,61.2,56.0,6.26,6.24,3.81,4092
1.01,Premium,G,SI2,60.1,61.0,6.44,6.39,3.86,3507
0.3,Ideal,D,VS2,62.0,54.0,4.36,4.32,2.69,911
0.34,Ideal,E,SI1,61.9,56.0,4.48,4.45,2.76,729
0.85,Ideal,D,SI2,61.4,57.0,6.13,6.19,3.79,3398
0.78,Ideal,F,SI2,60.7,57.0,5.9,5.97,3.61,2346
0.26,Ideal,D,VS1,60.1,56.0,4.12,4.15,2.48,710
0.3,Very Good,H,SI1,60.8,60.0,4.32,4.34,2.63,591
0.59,Ideal,E,VS2,61.1,57.0,5.43,5.44,3.32,1949
1.06,Premium,E,VS2,62.6,57.0,6.53,6.4,4.04,7197
0.77,Ideal,D,VS2,61.4,57.0,5.84,5.88,3.6,3338
0.71,Very Good,G,VVS1,61.7,58.0,5.7,5.73,3.53,3065
0.9,Ideal,D,SI2,62.9,56.0,6.12,6.16,3.86,3392
1.01,Very Good,F,SI1,62.3,57.0,6.37,6.41,3.99,5206
0.37,Ideal,F,SI2,61.6,55.0,4.62,4.66,2.86,447
0.32,Ideal,D,VVS1,61.8,56.0,4.4,4.39,2.72,973
1.0,Very Good,E,SI1,60.4,57.0,6.54,6.5,3.94,5914
0.72,Ideal,I,VS2,61.9,55.0,5.71,5.74,3.55,2131
0.72,Ideal,H,SI1,62.1,54.0,5.72,5.76,3.57,2337
0.3,Very Good,E,VVS1,61.0,61.0,4.36,4.38,2.66,760
1.06,Good,E,SI2,63.3,60.0,6.47,6.45,4.08,4798
1.25,Ideal,G,VS2,61.1,57.0,6.93,6.89,4.22,9505
1.02,Ideal,D,VS2,61.3,56.0,6.5,6.54,4.0,10443
0.41,Very Good,D,SI1,63.5,55.0,4.71,4.69,2.99,1015
0.25,Premium,F,VS1,61.3,59.0,4.04,4.06,2.48,445
1.01,Premium,D,VS1,62.2,58.0,6.34,6.38,3.95,8348
0.58,Ideal,F,VS2,62.6,55.0,5.37,5.36,3.37,1595
0.23,Very Good,D,VVS2,62.8,57.0,3.89,3.91,2.44,485
0.3,Ideal,G,VS2,62.3,57.0,4.3,4.34,2.69,675
2.01,Very Good,D,SI2,59.5,59.0,8.09,8.15,4.85,17297
0.37,Ideal,I,VVS1,61.3,57.0,4.65,4.67,2.85,885
0.3,Very Good,D,VVS1,63.0,58.0,4.24,4.28,2.68,867
1.01,Good,G,VS2,63.8,58.0,6.28,6.35,4.03,5280
1.0,Ideal,H,SI1,62.7,57.0,6.41,6.35,4.0,4695
0.38,Ideal,F,VS2,59.9,57.0,4.68,4.72,2.83,1046
0.73,Very Good,D,VS2,61.4,58.0,5.77,5.83,3.56,3020
2.25,Ideal,G,SI2,60.9,57.0,8.49,8.45,5.15,18179
0.52,Ideal,D,VS2,61.4,56.0,5.2,5.22,3.2,1847
0.34,Ideal,E,VS2,61.4,57.0,4.45,4.43,2.73,745
0.32,Ideal,E,VS2,62.2,54.2,4.46,4.49,2.78,846
1.1,Very Good,G,VS1,60.9,58.0,6.68,6.72,4.08,7550
0.34,Ideal,D,VVS1,61.1,56.0,4.49,4.47,2.74,1092
1.02,Premium,H,SI1,59.6,58.0,6.56,6.51,3.89,4737
0.42,Ideal,G,VS1,61.1,54.0,4.82,4.86,2.96,921
0.92,Premium,G,SI1,59.9,59.0,6.37,6.34,3.8,4167
0.39,Very Good,G,VVS2,60.7,58.0,4.74,4.78,2.89,933
0.33,Ideal,H,VS1,61.9,55.0,4.45,4.47,2.76,579
0.9,Good,H,VS1,63.9,56.0,6.12,6.18,3.92,4234
1.5,Very Good,G,VS2,60.2,55.0,7.35,7.43,4.45,11757
0.31,Ideal,I,VS2,61.6,56.0,4.37,4.4,2.7,473
1.01,Very Good,H,SI2,63.1,54.0,6.39,6.43,4.05,4255
0.37,Very Good,D,VVS2,60.0,60.0,4.66,4.69,2.8,1029
1.02,Very Good,D,SI2,61.6,58.0,6.42,6.44,3.95,4575
1.03,Good,G,SI1,63.1,57.0,6.37,6.43,4.04,4793
1.08,Ideal,G,SI1,62.0,57.0,6.56,6.59,4.08,5531
0.32,Ideal,E,VVS1,61.7,56.0,4.4,4.42,2.72,988
0.94,Premium,E,SI1,62.2,58.0,6.34,6.31,3.93,4864
0.31,Good,D,SI1,63.7,56.0,4.32,4.3,2.75,571
2.01,Very Good,H,SI2,62.9,55.0,8.05,8.08,5.07,16657
1.06,Very Good,I,VS1,59.3,61.0,6.63,6.67,3.94,4199
0.42,Premium,G,VVS1,62.4,59.0,4.82,4.77,2.99,1235
0.42,Premium,G,VVS2,60.0,59.0,4.85,4.88,2.91,1054
1.01,Premium,H,VS2,61.5,62.0,6.39,6.42,3.94,5260
0.32,Ideal,G,VVS1,62.9,58.0,4.33,4.38,2.74,814
0.86,Good,E,VS1,64.2,55.0,5.98,5.92,3.83,4194
0.33,Ideal,G,VS1,62.1,54.0,4.48,4.46,2.78,854
1.51,Very Good,G,VVS1,63.0,57.0,7.32,7.28,4.6,16624
0.31,Premium,D,VS2,61.5,59.0,4.33,4.38,2.68,734
1.05,Ideal,G,VVS1,61.7,57.0,6.52,6.54,4.03,8317
1.51,Good,I,VS2,61.5,58.0,7.37,7.32,4.51,7755
1.71,Ideal,H,SI1,61.9,56.0,7.64,7.67,4.75,13153
1.02,Premium,G,SI1,61.7,58.0,6.42,6.47,3.98,4687
0.3,Ideal,E,SI1,62.2,57.0,4.27,4.29,2.67,545
0.31,Very Good,H,VS2,62.7,59.0,4.31,4.33,2.71,489
0.57,Ideal,F,VS2,60.1,55.0,5.44,5.49,3.27,1894
0.83,Ideal,F,SI1,62.7,55.0,5.95,5.98,3.75,3210
2.04,Premium,H,SI2,61.0,58.0,8.24,8.21,5.04,12196
1.51,Good,D,SI2,63.0,60.0,7.3,7.35,4.61,9212
1.01,Premium,E,SI1,60.4,58.0,6.53,6.46,3.92,4784
1.71,Very Good,E,SI1,63.4,57.0,7.59,7.63,4.84,13348
0.33,Premium,G,VS1,61.1,58.0,4.45,4.43,2.71,854
0.71,Very Good,G,SI1,62.0,58.0,5.68,5.72,3.53,2230
0.3,Premium,G,VVS2,60.8,59.0,4.33,4.29,2.62,878
0.41,Good,D,SI1,63.6,59.0,4.7,4.67,2.99,801
0.31,Ideal,H,IF,62.0,54.0,4.36,4.39,2.71,789
0.91,Ideal,I,SI1,62.7,57.0,6.15,6.19,3.85,2947
0.31,Ideal,H,VVS1,62.0,56.0,4.34,4.37,2.7,807
0.41,Ideal,F,VVS2,61.2,56.0,4.8,4.78,2.93,1192
0.9,Very Good,F,SI2,62.8,58.0,6.13,6.16,3.85,3780
0.43,Ideal,G,SI1,62.3,55.0,4.87,4.84,3.01,1016
0.31,Ideal,F,VS1,62.9,57.0,4.32,4.28,2.7,642
0.33,Ideal,G,SI1,61.9,57.0,4.43,4.46,2.75,445
0.91,Very Good,H,VS2,63.2,57.0,6.17,6.14,3.88,4284
1.0,Ideal,D,SI2,62.5,57.0,6.39,6.33,3.96,4536
1.01,Very Good,G,SI2,62.8,58.0,6.34,6.38,4.0,4260
1.52,Ideal,I,SI1,62.1,57.0,7.31,7.37,4.57,8774
0.91,Fair,F,SI2,64.6,58.0,6.12,6.05,3.91,3326
1.01,Ideal,F,SI2,61.9,55.0,6.42,6.46,3.99,4641
0.41,Very Good,E,SI1,62.8,58.0,4.69,4.72,2.95,755
1.01,Ideal,H,VS2,60.7,57.0,6.47,6.42,3.92,5220
1.02,Ideal,D,SI2,61.9,57.0,6.44,6.48,4.0,4957
1.2,Very Good,G,VS2,61.8,58.0,6.73,6.78,4.18,6684
0.9,Premium,H,VS1,62.3,58.0,6.13,6.17,3.83,4022
0.72,Ideal,I,VS2,61.6,57.0,5.76,5.8,3.55,2469
0.5,Ideal,D,SI1,63.1,56.0,5.07,5.03,3.19,1803
0.35,Ideal,D,VS1,61.7,55.0,4.54,4.52,2.79,1094
0.31,Ideal,E,VVS1,61.6,57.0,4.34,4.38,2.68,1017
1.0,Very Good,F,SI1,63.4,56.0,6.4,6.31,4.03,5158
0.52,Ideal,G,SI1,61.5,55.0,5.17,5.23,3.2,1291
1.01,Premium,G,VS2,63.0,61.0,6.35,6.3,4.01,6261
1.16,Good,G,SI1,63.8,58.0,6.65,6.59,4.23,7279
0.9,Premium,D,SI2,62.2,58.0,6.19,6.13,3.83,3798
1.21,Ideal,G,VS1,61.1,56.0,6.84,6.87,4.19,8932
0.3,Premium,H,VS1,61.8,60.0,4.32,4.29,2.66,675
0.52,Ideal,G,VS2,62.0,55.0,5.16,5.21,3.21,1436
0.32,Ideal,H,VS1,60.9,57.0,4.41,4.46,2.7,561
0.51,Ideal,D,VS2,60.9,56.0,5.19,5.22,3.17,1986
0.7,Good,I,VVS2,64.0,58.0,5.63,5.59,3.59,2227
0.32,Ideal,E,VS2,61.9,55.0,4.41,4.4,2.73,900
1.57,Ideal,I,SI1,61.0,56.0,7.54,7.5,4.59,9189
1.5,Ideal,I,VVS2,60.1,57.0,7.35,7.4,4.45,10957
0.41,Ideal,G,VS1,62.1,54.0,4.79,4.77,2.97,863
0.31,Ideal,D,SI1,62.2,56.0,4.34,4.36,2.7,571
0.71,Ideal,F,SI1,62.6,56.0,5.69,5.73,3.57,2306
1.03,Ideal,G,VS1,62.2,54.0,6.46,6.51,4.03,7177
0.38,Ideal,G,SI2,61.9,56.0,4.66,4.7,2.89,550
0.31,Very Good,F,SI1,61.9,57.0,4.36,4.39,2.7,522
0.71,Ideal,D,SI1,62.2,57.0,5.76,5.69,3.56,3192
1.5,Premium,I,SI1,61.7,59.0,7.32,7.27,4.5,5445
1.02,Very Good,H,SI2,62.8,58.0,6.38,6.43,4.01,4664
0.73,Ideal,E,VS2,61.8,56.0,5.79,5.84,3.59,3026
0.7,Ideal,F,SI1,62.4,53.0,5.68,5.72,3.55,2346
0.34,Ideal,F,SI1,61.3,57.0,4.52,4.47,2.76,705
0.33,Ideal,E,VS2,62.4,56.0,4.44,4.39,2.75,928
0.95,Premium,G,SI1,59.2,61.0,6.49,6.54,3.82,4229
1.37,Ideal,G,VS2,60.8,56.0,7.18,7.24,4.38,13134
1.0,Premium,E,SI2,61.4,58.0,6.47,6.36,3.94,4620
0.31,Ideal,F,VS2,61.3,56.0,4.37,4.42,2.69,625
1.0,Premium,H,SI1,59.0,61.0,6.61,6.55,3.88,4274
1.01,Good,G,VS2,63.6,58.0,6.29,6.32,4.02,5306
0.31,Ideal,E,VS1,62.0,56.0,4.37,4.41,2.72,816
0.31,Premium,H,SI1,61.9,58.0,4.34,4.37,2.7,456
0.7,Ideal,D,SI2,61.5,57.0,5.74,5.71,3.52,2359
0.41,Ideal,E,VVS2,62.6,55.0,4.77,4.74,2.98,1243
0.4,Very Good,E,VS2,62.9,58.0,4.71,4.74,2.97,842
0.55,Very Good,F,SI1,63.2,58.0,5.2,5.26,3.3,2016
0.3,Ideal,H,SI1,62.5,56.0,4.32,4.35,2.71,421
0.35,Ideal,I,SI1,62.1,55.0,4.53,4.55,2.82,463
0.38,Ideal,I,VS1,61.9,55.0,4.63,4.67,2.88,587
0.51,Ideal,E,SI1,62.2,53.0,5.17,5.19,3.22,1318
0.7,Ideal,F,VS1,62.6,56.0,5.66,5.7,3.54,2801
0.42,Ideal,D,VVS2,62.6,55.0,4.77,4.79,2.99,1295
0.5,Ideal,G,VVS2,62.3,55.0,5.12,5.09,3.18,1935
1.12,Very Good,D,SI2,58.6,58.0,6.71,6.76,3.88,4916
0.32,Good,E,SI2,63.3,55.0,4.37,4.38,2.77,425
0.31,Premium,E,VS2,62.4,58.0,4.31,4.34,2.69,668
0.42,Premium,F,VS2,60.1,58.0,4.85,4.88,2.92,968
0.7,Ideal,G,SI2,61.9,56.0,5.69,5.74,3.52,2206
1.5,Premium,G,VS2,60.1,56.0,7.43,7.39,4.45,12392
1.74,Ideal,G,SI1,62.4,57.0,7.74,7.78,4.85,16587
0.31,Ideal,D,VVS2,61.7,55.0,4.39,4.42,2.72,891
0.52,Very Good,E,VS2,62.7,54.0,5.1,5.15,3.21,1582
0.9,Ideal,H,VS1,60.4,57.0,6.22,6.26,3.77,3668
0.8,Ideal,E,SI1,62.1,57.0,5.96,5.92,3.69,3226
1.03,Ideal,G,SI2,62.2,56.0,6.49,6.46,4.02,4986
0.78,Very Good,G,SI1,63.2,54.0,5.82,5.87,3.69,2583
0.46,Very Good,F,VS2,62.6,57.0,4.92,4.94,3.09,1250
1.03,Ideal,G,SI1,62.3,57.0,6.5,6.45,4.03,5259
1.33,Ideal,G,VS2,60.4,57.0,7.08,7.16,4.31,10062
1.21,Very Good,H,VS2,59.6,59.0,7.03,6.98,4.18,7990
0.53,Ideal,D,VS2,62.0,56.0,5.17,5.2,3.21,1786
1.1,Ideal,F,VS2,61.6,55.0,6.68,6.64,4.1,6013
0.3,Premium,E,VS2,60.7,59.0,4.31,4.35,2.63,658
1.03,Good,H,SI2,63.8,58.0,6.37,6.41,4.08,4037
1.39,Ideal,H,SI1,62.1,55.0,7.16,7.13,4.43,7506
0.52,Ideal,E,VS2,61.6,55.0,5.21,5.16,3.19,1576
0.53,Premium,J,SI1,58.4,60.0,5.45,5.3,3.1,1026
2.19,Ideal,H,SI1,62.5,56.0,8.31,8.26,5.16,18407
0.36,Premium,G,VS1,61.6,60.0,4.55,4.6,2.82,724
0.3,Ideal,F,VS1,62.2,56.0,4.3,4.32,2.68,655
1.01,Very Good,G,SI1,63.4,61.0,6.36,6.32,4.01,4458
0.3,Ideal,F,SI1,62.4,55.0,4.28,4.31,2.68,609
0.41,Ideal,G,VVS1,61.3,54.0,4.84,4.8,2.95,1181
0.32,Ideal,I,VS1,62.3,54.0,4.42,4.41,2.75,648
1.52,Ideal,H,VS2,61.2,57.0,7.46,7.43,4.57,10763
1.59,Ideal,G,SI2,61.7,57.0,7.47,7.54,4.64,8716
0.74,Very Good,F,VS1,62.1,58.0,5.75,5.78,3.58,3238
0.9,Very Good,G,SI1,62.3,59.0,6.08,6.11,3.79,3597
0.53,Premium,D,VS2,59.6,58.0,5.32,5.26,3.15,1857
0.41,Ideal,G,VVS2,61.7,56.0,4.77,4.8,2.95,918
0.3,Premium,G,SI1,62.7,58.0,4.29,4.24,2.67,473
0.3,Premium,E,SI1,61.6,59.0,4.23,4.28,2.63,526
0.24,Ideal,G,VS1,61.9,56.0,3.99,4.03,2.48,436
0.3,Ideal,F,VS2,62.3,56.0,4.34,4.3,2.69,776
0.32,Premium,H,SI1,61.5,58.0,4.38,4.39,2.7,557
1.11,Ideal,H,SI2,61.9,57.0,6.64,6.6,4.1,4368
0.41,Very Good,D,SI2,60.4,63.0,4.76,4.81,2.89,795
2.01,Very Good,J,VS2,60.8,59.0,8.07,8.13,4.95,18090
0.83,Premium,F,SI1,62.3,61.0,5.98,6.06,3.73,3362
0.41,Ideal,F,VVS1,61.3,56.0,4.76,4.79,2.93,1266
1.09,Ideal,G,VS1,61.8,55.0,6.59,6.66,4.09,8173
1.21,Premium,I,SI1,61.5,56.0,6.84,6.88,4.22,5166
1.01,Good,F,SI1,63.1,60.0,6.31,6.37,4.0,5069
0.31,Ideal,D,VS2,61.7,56.0,4.39,4.36,2.7,942
0.35,Ideal,G,VS1,62.0,55.0,4.56,4.54,2.81,995
1.71,Ideal,H,SI2,62.6,57.0,7.6,7.57,4.75,9540
1.11,Ideal,F,VS2,62.0,56.0,6.66,6.59,4.12,7209
1.52,Premium,G,SI1,62.3,58.0,7.37,7.34,4.58,9702
0.53,Ideal,F,VS1,62.1,57.0,5.21,5.13,3.21,1778
0.9,Very Good,E,SI2,63.1,58.0,6.13,6.12,3.86,3380
1.0,Very Good,H,SI1,62.9,59.0,6.29,6.33,3.98,4382
1.01,Very Good,F,SI1,61.6,59.0,6.4,6.42,3.95,5262
0.32,Ideal,G,VS2,61.8,57.0,4.44,4.41,2.73,672
0.61,Premium,F,SI1,58.7,58.0,5.68,5.64,3.29,2218
0.36,Premium,E,VS2,60.5,60.0,4.62,4.58,2.79,984
0.31,Very Good,I,VS2,63.1,54.0,4.33,4.31,2.72,558
0.75,Premium,G,SI2,62.3,58.0,5.85,5.79,3.63,2469
0.46,Very Good,H,VS2,62.4,56.0,4.93,4.96,3.09,1087
0.52,Ideal,G,VS1,61.8,55.0,5.15,5.18,3.19,1590
0.52,Ideal,D,SI1,61.5,55.0,5.19,5.22,3.2,1404
0.52,Ideal,H,VVS2,61.4,56.0,5.17,5.21,3.19,1696
1.09,Premium,H,SI1,61.5,60.0,6.62,6.56,4.03,4361
0.26,Ideal,D,VVS1,61.8,56.0,4.15,4.12,2.56,769
1.2,Ideal,G,SI2,61.7,56.0,6.86,6.84,4.23,7072
0.93,Premium,F,SI2,61.3,60.0,6.3,6.26,3.85,3868
0.9,Very Good,G,VS2,59.7,59.0,6.26,6.29,3.74,4509
0.81,Ideal,E,SI1,61.4,57.0,5.96,5.91,3.64,2938
0.9,Good,G,VS2,63.9,60.0,6.08,6.04,3.87,4401
0.71,Very Good,H,SI1,63.2,57.0,5.66,5.62,3.56,2147
1.28,Premium,H,VS1,60.3,59.0,7.11,7.04,4.27,8150
0.38,Ideal,I,SI1,62.0,54.0,4.66,4.69,2.9,600
0.91,Premium,H,SI1,63.0,58.0,6.15,6.11,3.86,3323
0.41,Ideal,D,SI1,62.8,57.0,4.74,4.77,2.98,705
0.52,Ideal,D,SI1,60.9,56.0,5.23,5.21,3.18,1752
0.32,Premium,G,IF,62.1,60.0,4.41,4.35,2.72,956
2.01,Ideal,H,SI1,62.0,57.0,7.84,7.78,4.85,16239
1.0,Premium,I,VS2,59.6,61.0,6.48,6.43,3.86,4126
0.54,Ideal,G,VVS2,61.2,56.0,5.25,5.3,3.22,2039
1.7,Premium,H,SI1,61.7,59.0,7.65,7.59,4.73,11021
0.32,Ideal,D,SI1,62.3,56.0,4.38,4.41,2.74,589
0.7,Premium,D,SI1,61.1,60.0,5.73,5.76,3.51,2568
0.7,Ideal,E,SI1,62.8,56.0,5.64,5.67,3.55,2676
0.51,Ideal,G,SI1,62.4,57.0,5.09,5.06,3.17,1431
1.3,Ideal,G,VVS1,61.9,57.0,6.95,7.01,4.32,10454
0.83,Very Good,F,SI2,62.3,58.0,5.94,6.0,3.73,3019
0.53,Very Good,E,SI1,59.6,57.0,5.23,5.28,3.15,1420
0.31,Ideal,H,VS2,62.2,55.0,4.32,4.28,2.68,628
0.7,Ideal,D,SI2,62.6,56.0,5.65,5.69,3.55,2294
1.55,Ideal,G,VVS2,61.3,56.0,7.46,7.43,4.56,16123
1.01,Good,F,SI2,63.6,58.0,6.38,6.33,4.04,3799
0.31,Ideal,G,IF,62.3,54.0,4.4,4.39,2.74,891
0.32,Good,H,VS1,61.0,64.0,4.38,4.48,2.7,561
0.55,Ideal,D,VS1,62.1,55.0,5.28,5.25,3.26,1990
1.01,Very Good,G,IF,62.2,59.0,6.36,6.4,3.97,8778
0.3,Good,D,SI2,63.8,58.0,4.27,4.23,2.71,447
0.3,Ideal,F,VS2,62.2,55.0,4.28,4.3,2.67,605
1.51,Good,G,SI2,62.2,63.0,7.26,7.21,4.49,8758
0.9,Premium,E,SI1,61.2,59.0,6.19,6.1,3.76,4385
1.18,Ideal,J,VS1,61.0,57.0,6.81,6.87,4.19,5217
0.31,Ideal,E,VVS2,62.4,57.0,4.31,4.35,2.7,789
2.01,Ideal,H,VS2,61.3,57.0,8.11,8.07,4.91,17068
1.06,Very Good,E,SI1,60.7,58.0,6.57,6.53,3.98,5476
1.05,Ideal,G,SI2,59.6,57.0,6.71,6.66,3.97,4477
0.52,Very Good,E,VS2,60.8,57.0,5.18,5.21,3.16,1421
0.36,Very Good,F,SI1,60.5,59.0,4.59,4.63,2.79,755
1.19,Ideal,H,VS2,61.1,57.0,6.79,6.83,4.16,6834
0.3,Ideal,H,VS2,62.6,55.0,4.28,4.31,2.69,491
0.81,Ideal,G,VS1,62.2,55.0,5.95,5.97,3.71,3407
0.4,Ideal,G,IF,62.2,56.0,4.71,4.78,2.95,1327
0.3,Premium,H,VS2,60.7,60.0,4.31,4.34,2.63,486
0.7,Ideal,I,SI1,61.3,56.0,5.71,5.74,3.5,1914
0.7,Ideal,E,VS2,60.8,58.0,5.77,5.73,3.5,3140
0.52,Ideal,G,IF,61.2,58.0,5.16,5.19,3.17,2513
0.41,Very Good,H,IF,63.0,58.0,4.7,4.68,2.96,1154
1.03,Ideal,H,VS2,61.4,57.0,6.47,6.52,3.99,5028
1.51,Premium,H,VVS2,60.7,59.0,7.43,7.37,4.5,12295
0.55,Ideal,G,VS2,62.0,56.0,5.25,5.28,3.26,1698
0.38,Premium,I,VVS1,59.9,60.0,4.75,4.71,2.84,898
0.32,Very Good,D,VS2,63.0,55.0,4.4,4.37,2.75,758
0.5,Good,D,VS2,64.0,55.0,5.01,5.03,3.22,1746
0.3,Very Good,H,SI1,62.9,56.0,4.27,4.29,2.7,554
0.34,Ideal,E,SI1,61.9,57.0,4.48,4.51,2.79,596
0.71,Premium,G,SI1,61.6,57.0,5.73,5.68,3.51,2386
0.31,Good,G,VS1,63.1,55.0,4.28,4.31,2.71,604
0.56,Ideal,E,VS1,61.9,55.0,5.28,5.33,3.28,1921
1.51,Very Good,H,VS2,60.9,60.0,7.35,7.42,4.5,10333
1.0,Very Good,F,SI1,63.3,56.0,6.37,6.32,4.02,4528
1.14,Premium,H,SI2,62.9,58.0,6.67,6.6,4.17,4872
0.5,Ideal,G,VS2,61.4,57.0,5.1,5.12,3.14,1443
0.42,Ideal,D,VS2,61.8,55.0,4.8,4.83,2.98,1031
0.32,Ideal,G,VVS2,60.5,56.0,4.45,4.48,2.7,756
0.4,Ideal,H,SI1,62.3,57.0,4.73,4.75,2.95,700
1.06,Ideal,J,SI1,62.3,56.0,6.5,6.54,4.07,4834
1.0,Good,E,SI1,63.9,54.0,6.34,6.28,4.03,4633
0.72,Ideal,G,SI2,60.6,56.0,5.82,5.85,3.53,2167
0.71,Premium,D,SI2,62.1,59.0,5.71,5.64,3.53,2691
0.23,Very Good,E,VVS2,62.6,59.0,3.87,3.89,2.42,530
0.3,Premium,I,VVS2,62.6,57.0,4.36,4.33,2.72,675
0.7,Premium,G,VS1,61.7,58.0,5.67,5.68,3.5,2634
1.2,Premium,H,SI2,60.4,55.0,6.95,6.88,4.18,5698
0.51,Ideal,E,VS2,62.0,55.0,5.13,5.11,3.18,1776
0.74,Ideal,E,SI1,61.0,56.0,5.86,5.82,3.56,2692
0.36,Ideal,E,VS1,60.7,56.0,4.65,4.61,2.8,1063
0.32,Ideal,E,VVS2,62.0,55.0,4.38,4.42,2.72,740
0.9,Ideal,F,SI2,62.3,57.0,6.16,6.13,3.83,4009
1.0,Ideal,H,SI2,62.2,57.0,6.37,6.41,3.98,4452
1.71,Premium,G,VS2,61.9,58.0,7.65,7.58,4.72,17156
0.53,Ideal,F,VVS2,61.8,56.0,5.21,5.2,3.22,2211
0.52,Very Good,E,SI1,60.0,61.0,5.21,5.17,3.1,1399
1.22,Ideal,G,SI2,61.6,57.0,6.83,6.88,4.22,5580
0.3,Ideal,E,VVS1,62.8,57.0,4.26,4.28,2.68,862
0.4,Ideal,H,VVS1,61.8,55.0,4.77,4.72,2.93,1088
0.32,Ideal,G,VS1,61.7,56.0,4.4,4.38,2.71,828
0.54,Premium,G,VVS2,59.9,58.0,5.27,5.18,3.13,1822
0.41,Ideal,H,SI1,62.1,56.0,4.8,4.77,2.97,876
0.71,Ideal,H,VVS1,61.7,55.0,5.7,5.73,3.53,2961
0.4,Ideal,G,SI1,62.7,53.0,4.68,4.71,2.94,701
0.91,Good,I,SI1,57.4,62.0,6.49,6.43,3.69,3665
0.74,Very Good,G,SI2,63.1,58.0,5.75,5.78,3.63,2449
0.31,Premium,F,VS2,62.2,58.0,4.34,4.3,2.68,642
0.5,Ideal,D,SI1,61.9,55.0,5.06,5.09,3.15,1435
0.42,Ideal,H,VS1,61.6,55.0,4.82,4.84,2.98,850
0.54,Premium,D,SI2,61.9,58.0,5.23,5.19,3.23,1356
1.0,Good,H,SI1,60.1,63.0,6.38,6.41,3.84,4072
0.31,Ideal,E,VVS2,61.1,55.0,4.42,4.45,2.71,864
0.7,Ideal,G,SI1,62.1,55.0,5.65,5.71,3.53,2274
1.19,Ideal,I,SI2,61.7,55.0,6.79,6.84,4.2,5047
0.61,Very Good,F,VS1,60.7,59.0,5.53,5.56,3.37,1978
1.23,Ideal,F,VS2,62.0,54.0,6.87,6.9,4.27,8977
1.51,Ideal,G,VS2,60.8,56.0,7.38,7.42,4.5,13355
0.3,Ideal,E,SI1,61.9,56.0,4.35,4.32,2.68,675
1.5,Very Good,G,VS1,62.8,57.0,7.39,7.31,4.61,13378
0.8,Very Good,H,VVS1,63.2,56.0,5.92,5.87,3.72,3555
0.3,Premium,H,VS2,61.6,60.0,4.3,4.26,2.63,576
1.17,Fair,F,I1,66.2,60.0,6.51,6.45,4.33,3057
0.31,Very Good,G,VVS1,60.5,58.0,4.4,4.42,2.67,820
0.56,Ideal,G,VS2,60.4,56.0,5.33,5.36,3.23,1649
0.38,Ideal,G,IF,61.6,56.0,4.65,4.68,2.87,1187
1.5,Ideal,J,VVS1,62.5,57.0,7.3,7.34,4.57,9786
0.4,Ideal,F,VS1,60.3,56.0,4.77,4.79,2.89,877
1.0,Very Good,F,VS2,62.5,58.0,6.36,6.4,3.98,5625
0.32,Very Good,E,SI2,61.1,59.0,4.39,4.42,2.69,477
1.03,Premium,D,SI2,60.5,59.0,6.52,6.58,3.97,5578
0.7,Very Good,G,VVS2,60.6,59.0,5.74,5.78,3.48,2010
0.33,Premium,G,VS1,61.7,58.0,4.41,4.44,2.73,666
0.31,Ideal,I,VVS2,62.2,55.0,4.36,4.33,2.7,541
0.33,Ideal,F,VS1,62.3,55.0,4.38,4.42,2.75,803
1.01,Good,E,SI2,63.3,54.0,6.4,6.35,4.04,4566
1.07,Ideal,I,SI1,61.9,56.0,6.6,6.53,4.06,4267
1.71,Ideal,H,SI1,62.4,58.0,7.54,7.6,4.73,11709
0.52,Very Good,E,SI2,59.9,57.0,5.23,5.27,3.14,1138
1.02,Good,J,VS1,64.0,57.0,6.38,6.28,4.05,3656
1.5,Very Good,D,VS2,63.1,58.0,7.26,7.21,4.57,13395
0.31,Very Good,D,SI1,63.2,54.0,4.36,4.34,2.75,571
1.06,Good,E,SI2,60.2,61.0,6.65,6.59,3.97,4295
1.51,Very Good,E,SI2,62.1,59.0,7.3,7.35,4.55,10012
0.52,Ideal,F,VS2,61.7,55.0,5.19,5.17,3.19,1720
0.23,Very Good,E,VVS2,60.8,60.0,3.96,3.99,2.41,505
1.27,Premium,H,SI1,61.8,59.0,6.96,6.88,4.28,7079
1.01,Premium,G,VS1,62.0,59.0,6.47,6.43,4.01,6435
0.36,Premium,F,VS2,58.3,60.0,4.68,4.62,2.74,827
0.26,Ideal,F,VS1,61.7,57.0,4.12,4.08,2.53,580
0.75,Ideal,F,VS2,61.5,55.0,5.85,5.85,3.6,3181
1.51,Ideal,G,SI1,62.0,55.0,7.37,7.4,4.57,11189
0.74,Good,I,VS2,64.1,58.0,5.68,5.71,3.65,2134
0.32,Ideal,E,VS2,62.0,55.0,4.39,4.36,2.71,702
1.01,Premium,J,SI2,62.3,60.0,6.39,6.33,3.98,3171
0.34,Ideal,G,SI2,61.4,56.0,4.54,4.52,2.78,459
1.0,Premium,E,VS2,62.1,60.0,6.39,6.36,3.96,6760
0.32,Ideal,H,VS2,62.0,56.0,4.41,4.39,2.73,648
0.6,Ideal,E,VVS2,61.0,56.0,5.43,5.47,3.33,3786
1.14,Ideal,H,VS1,61.1,57.0,6.76,6.8,4.13,6441
1.51,Very Good,I,SI2,62.5,59.0,7.24,7.3,4.55,8491
0.23,Very Good,E,VVS2,62.1,60.0,3.94,3.99,2.46,505
1.22,Ideal,I,VS2,60.7,57.0,6.93,6.96,4.21,6480
1.27,Ideal,I,SI1,62.0,57.0,6.92,6.88,4.27,5607
0.9,Premium,D,SI1,61.5,62.0,6.19,6.15,3.8,4414
0.3,Premium,G,VVS2,62.5,58.0,4.28,4.31,2.68,878
0.42,Premium,H,SI1,62.7,59.0,4.75,4.79,2.98,700
0.75,Good,E,SI2,63.7,57.0,5.73,5.75,3.64,2360
0.9,Very Good,G,SI2,63.7,59.0,6.07,6.03,3.85,3535
1.19,Ideal,H,SI1,61.9,55.0,6.84,6.79,4.21,6619
0.42,Ideal,F,VS1,61.9,57.0,4.76,4.79,2.96,1099
0.29,Ideal,F,VS2,61.6,54.0,4.24,4.26,2.61,548
0.77,Very Good,D,SI1,61.7,58.0,5.86,5.91,3.62,3648
0.78,Ideal,H,VS2,61.8,55.0,5.92,5.94,3.66,3495
0.4,Premium,G,SI1,62.7,57.0,4.7,4.65,2.93,945
1.73,Fair,F,SI2,56.9,62.0,7.48,7.43,4.36,9276
0.8,Ideal,H,SI2,62.0,56.0,5.95,5.98,3.69,2449
0.41,Ideal,F,VS1,62.0,56.0,4.77,4.84,2.97,1007
0.52,Ideal,E,SI1,60.9,57.0,5.17,5.2,3.16,1429
0.3,Ideal,F,IF,62.4,55.0,4.28,4.31,2.68,884
1.0,Good,E,VS2,63.8,57.0,6.29,6.32,4.02,6389
1.2,Ideal,F,VVS2,61.5,56.0,6.88,6.85,4.22,11531
1.51,Ideal,I,SI1,62.6,57.0,7.31,7.27,4.56,8637
0.33,Good,G,VVS1,61.1,62.0,4.42,4.45,2.71,840
1.24,Premium,D,SI2,62.8,58.0,6.88,6.83,4.29,5584
0.83,Very Good,E,SI2,60.2,56.0,6.13,6.18,3.68,2834
0.32,Ideal,G,VS1,61.6,55.0,4.42,4.45,2.73,645
0.51,Ideal,E,VVS2,62.0,54.0,5.13,5.19,3.19,2587
0.42,Ideal,D,VS1,60.6,56.0,4.85,4.88,2.94,1224
0.34,Ideal,G,VS2,62.0,55.0,4.46,4.47,2.77,596
1.52,Premium,G,VS1,60.3,58.0,7.56,7.48,4.52,17149
2.03,Ideal,E,SI1,62.7,57.0,8.12,8.09,5.06,18709
0.51,Ideal,G,VS1,62.5,58.0,5.07,5.12,3.19,1556
0.61,Ideal,F,SI1,61.9,54.0,5.46,5.49,3.39,1749
1.09,Very Good,H,SI1,61.1,62.0,6.56,6.62,4.02,4554
1.23,Premium,E,SI1,62.7,58.0,6.84,6.81,4.28,7864
0.7,Ideal,I,VVS2,62.0,58.0,5.67,5.71,3.52,2202
1.02,Ideal,G,VS1,62.0,56.0,6.45,6.42,3.99,6716
0.4,Very Good,G,SI1,61.0,62.0,4.74,4.76,2.89,655
0.3,Ideal,D,VS2,61.6,56.0,4.33,4.37,2.68,566
0.71,Premium,E,VS2,60.4,58.0,5.8,5.77,3.5,3376
0.3,Very Good,F,VVS2,62.7,58.0,4.22,4.25,2.65,682
1.13,Very Good,E,SI1,60.8,58.0,6.72,6.77,4.11,6782
1.52,Ideal,F,SI1,61.9,56.0,7.35,7.39,4.57,11047
0.32,Very Good,G,VS2,63.5,54.0,4.37,4.38,2.78,672
1.56,Premium,G,VS2,59.9,59.0,7.58,7.62,4.55,12713
2.0,Premium,E,SI2,61.3,59.0,8.12,8.09,4.97,17825
0.3,Ideal,D,VVS2,62.2,57.0,4.25,4.3,2.66,814
0.7,Good,G,VVS2,58.5,61.0,5.76,5.84,3.39,3257
0.33,Good,E,SI1,63.1,57.0,4.4,4.38,2.77,583
1.01,Ideal,D,SI2,62.3,57.0,6.41,6.37,3.98,5624
0.42,Premium,I,VS1,61.4,58.0,4.84,4.81,2.96,992
0.71,Very Good,G,SI2,62.8,60.0,5.64,5.67,3.55,2058
1.03,Premium,H,SI1,63.0,58.0,6.44,6.4,4.05,4678
0.92,Good,F,SI1,63.9,58.0,6.12,6.22,3.94,3950
1.75,Premium,I,VS1,62.2,57.0,7.69,7.64,4.75,13938
0.31,Premium,F,VS2,62.4,58.0,4.3,4.34,2.7,625
0.31,Premium,F,VS2,62.5,58.0,4.34,4.3,2.7,625
1.03,Very Good,E,SI2,63.2,56.0,6.35,6.43,4.05,4563
0.33,Premium,I,SI1,61.7,58.0,4.42,4.39,2.72,523
0.3,Ideal,E,VS2,62.2,56.0,4.31,4.34,2.69,795
1.2,Very Good,H,VS2,63.4,57.0,6.75,6.69,4.26,7211
1.01,Good,F,VS2,63.7,58.0,6.3,6.38,4.04,6106
0.61,Good,J,VS2,60.1,64.0,5.44,5.5,3.29,1209
0.31,Premium,H,VVS2,61.4,60.0,4.33,4.35,2.66,802
0.5,Premium,H,VVS2,60.7,60.0,5.15,5.12,3.11,1404
0.76,Premium,E,SI1,58.9,59.0,6.0,5.93,3.52,2877
0.24,Premium,E,VVS2,61.8,59.0,3.93,3.96,2.43,552
1.61,Very Good,G,VS2,63.4,55.0,7.4,7.44,4.71,13205
1.13,Ideal,G,VS2,62.0,56.0,6.7,6.72,4.16,7409
1.2,Very Good,H,SI2,61.7,58.0,6.79,6.84,4.21,5447
0.71,Ideal,I,SI1,62.3,59.0,5.69,5.67,3.54,2218
0.3,Ideal,G,VVS1,62.5,55.0,4.3,4.33,2.7,878
0.45,Good,E,VS1,59.0,56.0,5.05,5.09,2.99,1330
0.4,Very Good,D,SI1,62.6,56.0,4.7,4.73,2.95,772
0.7,Ideal,I,VS2,61.4,56.0,5.72,5.76,3.52,2270
0.72,Ideal,D,VS2,61.4,56.0,5.78,5.82,3.56,3373
0.33,Ideal,G,VVS2,62.0,55.0,4.42,4.46,2.76,995
2.01,Premium,I,VS2,62.1,60.0,8.07,7.99,4.99,18066
0.3,Very Good,D,SI1,63.0,57.0,4.28,4.32,2.71,565
0.31,Ideal,E,VS2,61.9,57.0,4.36,4.33,2.69,658
0.71,Ideal,G,VS2,61.2,57.0,5.78,5.81,3.54,2849
0.3,Ideal,H,VS2,62.4,55.0,4.32,4.29,2.68,477
0.32,Premium,H,VS1,61.3,59.0,4.4,4.44,2.71,561
0.71,Very Good,F,VS2,61.6,55.0,5.77,5.84,3.57,2713
0.55,Very Good,F,SI2,63.0,56.0,5.19,5.23,3.28,1175
0.71,Ideal,H,VS2,62.4,54.0,5.71,5.76,3.58,2647
1.26,Premium,I,VS1,62.0,58.0,6.9,6.96,4.3,5768
0.75,Ideal,G,SI1,62.1,55.0,5.83,5.85,3.63,3082
0.4,Ideal,E,VVS2,62.9,55.0,4.75,4.69,2.97,1232
0.72,Ideal,F,VS1,62.5,57.0,5.72,5.69,3.57,3185
1.57,Ideal,G,VS2,62.0,57.0,7.44,7.49,4.62,12738
2.05,Ideal,I,VS2,61.2,56.0,8.19,8.16,5.01,18071
0.42,Premium,G,VS1,61.5,59.0,4.78,4.84,2.96,921
1.56,Ideal,I,VS1,61.6,57.0,7.46,7.41,4.58,9896
1.13,Ideal,F,VVS2,61.7,57.0,6.68,6.71,4.12,9885
0.71,Ideal,G,SI1,62.2,56.0,5.7,5.73,3.56,2405
1.53,Very Good,E,SI2,60.0,59.0,7.43,7.5,4.49,8294
0.5,Very Good,H,SI1,62.5,58.0,5.05,5.11,3.17,1154
0.38,Ideal,F,VS2,62.4,57.0,4.61,4.64,2.89,1063
0.38,Ideal,I,VVS1,62.0,54.0,4.63,4.68,2.89,1040
1.5,Very Good,J,VVS2,60.1,61.0,7.36,7.42,4.44,8778
0.5,Good,G,SI1,63.3,57.0,5.02,5.05,3.19,1286
0.5,Fair,G,VVS1,65.8,59.0,5.04,5.01,3.29,2070
1.06,Ideal,F,SI1,62.2,56.0,6.53,6.58,4.08,5488
0.7,Very Good,F,SI1,60.4,60.0,5.75,5.8,3.48,3028
0.36,Ideal,E,VS1,61.5,56.0,4.58,4.63,2.84,829
1.0,Very Good,D,SI2,62.9,58.0,6.3,6.39,3.99,5060
0.3,Ideal,F,SI1,62.3,57.0,4.31,4.34,2.69,612
0.53,Ideal,E,VS2,61.4,57.0,5.2,5.23,3.21,1676
1.01,Premium,G,SI1,61.3,58.0,6.41,6.36,3.92,4914
0.3,Ideal,D,VS1,61.9,55.0,4.32,4.34,2.68,737
0.24,Very Good,F,VVS1,62.0,60.0,3.92,3.95,2.46,878
0.26,Very Good,E,VVS2,62.3,55.0,4.06,4.1,2.53,552
1.12,Ideal,H,SI2,62.5,54.0,6.65,6.62,4.15,4966
0.71,Premium,F,VS1,62.3,57.0,5.69,5.65,3.53,2808
0.31,Ideal,D,VS2,61.6,56.0,4.4,4.37,2.7,942
0.38,Premium,E,VS1,58.2,59.0,4.75,4.68,2.79,1104
0.74,Ideal,I,VS1,62.4,56.0,5.82,5.79,3.62,2435
0.9,Good,G,SI1,63.1,62.0,6.06,6.13,3.84,3918
0.9,Premium,F,SI1,62.4,59.0,6.14,6.16,3.84,4161
0.58,Very Good,G,VS1,60.9,57.0,5.4,5.44,3.3,2113
0.3,Ideal,H,SI1,62.3,55.0,4.27,4.22,2.65,554
0.55,Ideal,G,VS2,62.2,56.0,5.26,5.3,3.28,1699
0.3,Ideal,E,SI1,61.8,56.0,4.3,4.31,2.66,524
0.51,Ideal,G,VS1,61.1,58.0,5.13,5.16,3.14,1667
0.54,Ideal,G,VS2,60.9,56.0,5.28,5.31,3.22,1637
1.0,Premium,D,VS2,60.7,61.0,6.43,6.4,3.89,6751
0.72,Premium,G,SI2,62.6,58.0,5.7,5.73,3.58,2375
0.41,Ideal,I,VVS2,61.4,57.0,4.76,4.72,2.91,1061
0.23,Very Good,E,VS2,60.5,61.0,3.95,3.99,2.42,369
0.34,Premium,I,VS1,59.2,59.0,4.58,4.54,2.71,675
0.55,Ideal,G,SI2,61.7,54.0,5.27,5.23,3.24,1084
0.71,Ideal,I,VS1,62.0,56.0,5.72,5.75,3.56,2592
0.44,Ideal,I,VS2,62.3,55.0,4.9,4.93,3.05,1273
1.51,Ideal,F,SI2,61.4,56.0,7.41,7.44,4.56,9014
0.23,Very Good,E,VVS2,61.8,61.0,3.98,4.01,2.46,548
0.32,Ideal,G,SI1,62.4,54.0,4.4,4.38,2.74,612
2.02,Very Good,I,SI2,62.9,59.0,7.94,8.03,5.02,13400
1.01,Ideal,F,VS2,61.0,57.0,6.5,6.47,3.95,7026
1.01,Good,G,SI2,63.9,59.0,6.33,6.28,4.02,3997
0.42,Premium,F,VS2,62.8,58.0,4.76,4.79,3.0,773
1.0,Premium,H,SI2,60.5,58.0,6.44,6.47,3.9,4269
1.07,Ideal,G,VS2,62.2,56.0,6.56,6.52,4.07,6444
0.73,Ideal,D,VS2,61.1,56.0,5.81,5.84,3.56,3273
0.3,Premium,G,VVS2,62.6,57.0,4.29,4.32,2.7,665
0.56,Ideal,G,VVS2,61.3,56.0,5.3,5.35,3.25,2077
0.8,Premium,D,VS1,62.2,60.0,5.91,5.88,3.65,3669
1.22,Ideal,G,VS2,62.3,57.0,6.8,6.84,4.25,7959
0.4,Premium,G,SI2,62.3,56.0,4.75,4.73,2.95,612
0.33,Premium,F,VVS2,60.3,60.0,4.52,4.48,2.71,945
0.7,Ideal,E,SI1,62.3,57.0,5.67,5.69,3.53,2757
0.91,Very Good,I,VVS2,63.4,58.0,6.15,6.13,3.9,4256
1.2,Premium,H,VS2,62.1,58.0,6.79,6.75,4.2,6250
0.3,Ideal,G,VVS1,61.8,55.0,4.32,4.34,2.68,742
1.01,Good,G,VS2,63.7,54.0,6.37,6.4,4.06,5330
1.18,Ideal,H,VVS2,62.1,56.0,6.76,6.79,4.2,7964
2.03,Ideal,E,SI2,61.8,56.0,8.18,8.14,5.03,15962
0.54,Ideal,D,SI2,62.1,56.0,5.25,5.23,3.25,2376
0.42,Ideal,D,VVS1,62.1,57.0,4.76,4.8,2.97,1268
0.56,Very Good,F,VS2,62.4,58.0,5.28,5.34,3.31,1659
1.08,Ideal,F,VVS1,61.5,56.0,6.62,6.6,4.06,9784
0.75,Very Good,F,SI1,61.3,57.0,5.85,5.92,3.61,2705
0.3,Ideal,H,VVS2,62.6,55.0,4.27,4.31,2.69,605
0.66,Ideal,D,SI1,61.3,57.0,5.62,5.59,3.44,2158
2.01,Good,H,SI2,63.9,57.0,7.98,7.92,5.07,13736
1.05,Premium,F,SI2,62.3,59.0,6.56,6.46,4.05,4158
0.31,Very Good,F,VVS2,62.0,54.0,4.33,4.35,2.69,685
2.38,Very Good,I,SI1,62.6,59.0,8.63,8.56,5.33,17715
0.3,Premium,E,SI1,61.8,58.0,4.26,4.29,2.65,489
0.74,Very Good,G,SI2,62.6,58.0,5.73,5.77,3.6,2277
0.27,Ideal,H,VVS1,61.6,56.0,4.15,4.17,2.56,504
0.32,Premium,G,VS2,61.2,59.0,4.42,4.38,2.7,561
1.2,Premium,E,SI1,61.6,58.0,6.85,6.75,4.19,6737
0.31,Ideal,E,VS1,61.5,56.0,4.32,4.34,2.67,729
0.36,Ideal,D,VVS2,62.0,55.0,4.61,4.58,2.85,1112
0.31,Very Good,H,SI1,60.9,60.0,4.33,4.34,2.64,446
0.39,Ideal,I,VVS2,62.0,54.9,4.64,4.71,2.9,735
0.7,Ideal,F,SI1,60.1,56.0,5.81,5.78,3.49,2711
0.3,Ideal,G,VVS1,60.8,57.0,4.33,4.36,2.64,789
0.59,Ideal,E,SI1,62.7,57.0,5.38,5.33,3.35,1550
0.7,Premium,E,SI2,62.4,59.0,5.7,5.73,3.56,2234
0.53,Ideal,D,VS2,61.9,57.0,5.21,5.18,3.22,1617
1.8,Premium,F,SI1,61.1,62.0,7.82,7.87,4.78,14234
0.55,Ideal,G,VVS2,62.2,57.0,5.23,5.29,3.27,1951
1.08,Ideal,H,SI1,62.3,54.0,6.56,6.62,4.1,5867
0.46,Ideal,F,VS2,62.1,57.0,4.93,4.9,3.06,1140
0.3,Good,F,VVS1,63.3,56.0,4.27,4.3,2.71,682
0.71,Ideal,E,SI1,63.0,56.0,5.69,5.61,3.56,2661
0.34,Ideal,E,VS1,62.2,53.3,4.48,4.51,2.8,805
1.07,Premium,F,VS2,63.6,57.0,6.52,6.47,4.12,6947
0.31,Premium,I,VS1,61.7,59.0,4.34,4.39,2.69,557
2.01,Ideal,G,SI2,62.5,57.0,8.08,8.03,5.0,16397
1.03,Ideal,F,VVS2,61.1,55.0,6.54,6.57,4.0,8703
1.0,Ideal,E,VS2,61.2,57.0,6.47,6.43,3.95,6720
1.5,Premium,E,SI1,62.1,59.0,7.31,7.36,4.55,11839
1.02,Ideal,E,SI1,61.9,56.0,6.5,6.43,4.0,5294
0.35,Ideal,H,IF,62.3,53.0,4.53,4.55,2.83,814
0.31,Very Good,G,VVS1,63.1,57.0,4.27,4.29,2.71,816
0.53,Ideal,G,VS1,61.2,57.0,5.2,5.24,3.2,1690
0.32,Ideal,E,VS2,62.3,56.0,4.37,4.35,2.72,702
0.51,Ideal,E,SI2,61.5,57.0,5.13,5.17,3.17,978
1.0,Very Good,F,SI1,60.9,62.0,6.42,6.47,3.92,4403
0.71,Ideal,F,SI2,61.3,56.0,5.77,5.73,3.52,2462
2.01,Very Good,H,SI1,61.9,56.0,8.06,8.11,5.01,17403
1.71,Very Good,F,SI1,60.9,59.0,7.68,7.64,4.67,11713
1.05,Ideal,G,VS2,61.9,57.0,6.5,6.52,4.02,6604
0.31,Very Good,D,SI1,63.0,55.0,4.28,4.33,2.71,732
0.71,Ideal,E,SI2,61.3,57.0,5.73,5.77,3.53,2375
1.0,Very Good,F,SI1,61.3,61.0,6.35,6.39,3.9,4727
0.73,Premium,D,SI1,62.7,58.0,5.72,5.76,3.6,3250
1.53,Ideal,I,VS1,61.6,57.0,7.43,7.41,4.57,11540
1.52,Premium,E,SI1,60.4,58.0,7.46,7.39,4.49,13257
0.36,Ideal,E,VVS1,61.0,56.0,4.63,4.65,2.82,1068
0.51,Ideal,F,SI1,61.3,56.0,5.19,5.23,3.2,1247
0.31,Good,F,VS2,63.5,56.0,4.31,4.34,2.74,625
0.7,Very Good,G,SI1,63.3,58.0,5.59,5.62,3.55,2145
1.5,Premium,D,SI2,61.1,57.0,7.32,7.3,4.46,8518
0.32,Ideal,G,VS1,61.8,56.0,4.41,4.38,2.72,828
0.3,Premium,I,SI1,60.8,58.0,4.38,4.35,2.65,377
1.5,Good,I,SI1,63.6,57.0,7.27,7.23,4.61,7706
0.52,Ideal,H,VS1,62.2,56.0,5.12,5.15,3.19,1699
0.3,Ideal,E,VVS1,61.3,57.0,4.3,4.33,2.64,766
0.7,Premium,F,SI1,61.6,58.0,5.66,5.64,3.49,2117
0.34,Ideal,F,SI1,61.8,55.0,4.48,4.52,2.78,583
0.34,Ideal,G,VS2,62.0,55.0,4.48,4.49,2.78,765
0.31,Very Good,F,VS2,61.6,56.0,4.3,4.33,2.66,625
0.3,Premium,E,VS2,60.5,59.0,4.36,4.33,2.63,844
0.9,Ideal,D,SI1,62.6,57.0,6.14,6.1,3.84,4326
1.08,Premium,I,SI1,61.7,58.0,6.53,6.59,4.05,4536
0.41,Ideal,E,VVS1,61.4,56.0,4.76,4.78,2.93,1257
1.24,Ideal,G,VVS2,61.8,54.0,6.93,6.89,4.28,10113
1.01,Good,G,VS2,63.0,59.0,6.31,6.36,3.99,4257
1.11,Premium,G,VS2,61.9,59.0,6.68,6.66,4.13,6384
0.59,Ideal,F,VVS2,61.6,54.0,5.4,5.44,3.34,2631
1.03,Very Good,H,SI1,63.3,58.0,6.41,6.33,4.03,4665
0.5,Ideal,G,VVS2,62.4,54.0,5.09,5.13,3.19,1760
0.35,Ideal,E,VVS1,62.0,56.0,4.53,4.51,2.81,1116
0.67,Premium,G,VS1,59.4,57.0,5.78,5.73,3.38,2207
0.71,Ideal,I,VS2,62.5,54.0,5.72,5.74,3.57,2390
0.73,Premium,G,SI2,60.7,59.0,5.87,5.83,3.55,2250
0.32,Premium,F,VS2,60.5,61.0,4.4,4.43,2.67,645
0.51,Ideal,D,VS2,60.9,57.0,5.16,5.18,3.15,1779
1.0,Fair,G,VS2,64.7,60.0,6.31,6.27,4.05,4892
0.84,Ideal,F,VS2,62.2,54.0,6.07,6.09,3.77,3639
0.72,Ideal,G,VS1,61.7,55.0,5.74,5.77,3.55,3019
1.04,Ideal,H,VS2,62.0,57.0,6.54,6.51,4.05,6048
0.7,Ideal,I,VVS1,62.6,56.0,5.64,5.7,3.55,2393
2.01,Premium,H,VS2,62.4,58.0,8.08,8.04,5.03,18559
1.51,Premium,G,SI1,61.2,61.0,7.44,7.4,4.54,11848
0.4,Ideal,E,VVS2,59.9,57.0,4.84,4.86,2.9,1300
0.71,Ideal,G,VS2,61.4,56.0,5.73,5.77,3.53,2610
0.26,Ideal,E,VVS2,62.9,57.0,4.06,4.09,2.56,586
0.9,Premium,D,SI2,62.3,62.0,6.17,6.15,3.83,3403
2.01,Ideal,I,SI1,62.5,56.0,8.04,8.07,5.03,16575
0.34,Premium,G,SI1,61.0,59.0,4.52,4.49,2.75,647
1.5,Premium,H,VS2,61.9,58.0,7.27,7.32,4.51,10214
0.7,Premium,F,SI1,60.0,59.0,5.79,5.72,3.46,2401
1.51,Very Good,I,SI1,62.1,60.0,7.27,7.3,4.52,8930
1.0,Premium,D,VS2,61.5,59.0,6.45,6.4,3.95,6870
0.71,Ideal,D,SI1,61.0,57.0,5.73,5.78,3.52,2802
1.21,Very Good,G,SI1,62.1,58.0,6.78,6.84,4.22,6944
0.9,Very Good,G,SI2,62.0,56.0,6.19,6.22,3.84,3543
0.32,Premium,G,VS1,62.4,58.0,4.38,4.34,2.72,828
0.3,Ideal,F,VS1,62.4,56.0,4.32,4.3,2.69,640
0.56,Very Good,E,VS2,61.9,55.0,5.31,5.34,3.29,1822
0.9,Good,H,VS1,63.8,57.0,6.09,6.12,3.89,4088
0.31,Very Good,D,VS1,60.8,59.0,4.3,4.34,2.63,816
0.32,Premium,G,VS2,62.0,58.0,4.4,4.37,2.72,633
1.2,Premium,G,SI1,62.7,58.0,6.74,6.71,4.2,5920
1.06,Very Good,I,SI1,61.3,59.0,6.58,6.61,4.02,4293
0.71,Ideal,F,VS1,60.8,57.0,5.75,5.81,3.51,3360
2.01,Very Good,J,SI2,63.3,60.0,7.94,8.05,5.05,10681
1.01,Very Good,E,IF,63.8,57.0,6.45,6.41,4.1,11500
0.41,Very Good,I,SI1,63.5,56.0,4.71,4.68,2.99,631
0.3,Premium,E,SI1,61.9,60.0,4.29,4.32,2.67,675
1.22,Ideal,G,VS1,61.1,56.0,6.89,6.92,4.22,8555
0.56,Premium,I,VVS1,61.1,58.0,5.31,5.28,3.23,1619
0.32,Ideal,H,VS2,61.2,54.0,4.41,4.45,2.71,648
1.5,Very Good,H,SI2,63.2,57.0,7.25,7.2,4.57,8348
0.5,Very Good,D,SI2,59.9,63.0,5.09,5.13,3.06,1177
0.5,Very Good,D,VS2,61.0,60.0,5.13,5.2,3.15,1808
0.39,Premium,F,SI1,62.3,59.0,4.62,4.65,2.88,823
1.2,Premium,H,I1,61.6,58.0,6.77,6.82,4.19,3301
0.72,Ideal,G,VS1,61.4,56.0,5.8,5.85,3.57,3413
0.56,Ideal,E,VS2,60.8,57.0,5.29,5.34,3.23,1744
0.25,Very Good,F,VVS2,61.5,56.0,4.1,4.13,2.52,575
1.51,Ideal,H,SI1,62.5,58.0,7.33,7.29,4.57,10521
0.57,Ideal,E,VS2,61.3,56.0,5.34,5.37,3.28,1814
0.41,Ideal,F,VS1,61.9,56.0,4.78,4.76,2.96,1007
0.51,Ideal,E,VS1,61.9,55.0,5.15,5.12,3.17,1845
1.02,Premium,G,VS1,62.1,58.0,6.43,6.39,3.98,6338
0.71,Premium,E,SI2,61.2,59.0,5.77,5.73,3.51,2570
1.02,Ideal,H,SI1,61.7,60.0,6.43,6.4,3.95,4276
1.09,Very Good,G,SI2,63.3,57.0,6.5,6.47,4.11,3951
1.02,Good,I,SI2,63.1,58.0,6.38,6.41,4.03,3896
1.06,Premium,H,VS2,59.6,60.0,6.65,6.68,3.98,6097
0.8,Good,F,SI2,63.6,58.0,5.83,5.87,3.73,2783
0.4,Ideal,G,SI1,62.2,56.0,4.76,4.71,2.94,1016
0.58,Ideal,G,VVS2,60.8,57.0,5.37,5.4,3.27,2171
1.54,Premium,I,SI1,62.6,58.0,7.33,7.35,4.6,10327
0.34,Ideal,I,IF,61.7,56.0,4.47,4.5,2.77,663
0.7,Ideal,I,VS2,61.4,56.0,5.69,5.75,3.51,2141
0.36,Ideal,G,IF,62.1,56.0,4.55,4.6,2.84,974
0.42,Ideal,E,VS2,62.3,56.0,4.81,4.76,2.98,1087
0.24,Very Good,E,SI1,60.9,60.0,4.02,4.05,2.45,554
0.42,Ideal,G,VS2,61.2,56.0,4.83,4.88,2.97,847
0.9,Very Good,G,SI2,63.3,59.0,6.08,6.11,3.86,3489
0.4,Premium,E,VS2,62.9,59.0,4.75,4.72,2.98,975
0.74,Ideal,F,IF,62.8,55.0,5.74,5.78,3.62,4179
0.76,Premium,G,SI2,62.4,57.0,5.92,5.81,3.66,2398
1.18,Ideal,G,VS2,62.3,55.0,6.76,6.79,4.22,7748
0.5,Premium,F,VS2,62.3,58.0,5.08,5.04,3.14,1452
0.73,Ideal,F,SI2,62.3,56.0,5.78,5.81,3.61,2617
1.01,Premium,H,SI2,61.2,58.0,6.47,6.41,3.94,4783
0.41,Premium,F,VVS2,60.5,59.0,4.83,4.86,2.93,1115
0.72,Very Good,I,VS1,62.8,59.0,5.64,5.74,3.57,2441
0.7,Very Good,G,VS1,60.6,61.0,5.74,5.76,3.48,2614
0.33,Ideal,H,SI1,61.1,55.0,4.46,4.51,2.74,464
0.63,Ideal,H,VS2,62.9,56.0,5.46,5.49,3.44,1957
0.32,Ideal,E,VVS1,61.8,56.0,4.34,4.38,2.7,842
1.01,Ideal,J,SI1,61.4,59.0,6.47,6.45,3.96,3898
0.31,Ideal,G,IF,62.2,55.0,4.33,4.35,2.7,924
0.8,Very Good,D,SI1,63.1,55.0,5.96,5.9,3.74,3382
0.31,Ideal,I,VS2,62.0,54.0,4.35,4.38,2.7,473
0.3,Good,H,SI1,63.5,59.0,4.22,4.26,2.69,421
1.0,Ideal,G,VS1,62.3,54.0,6.49,6.46,4.03,7404
0.52,Good,H,SI1,63.8,55.0,5.08,5.13,3.25,1142
1.71,Premium,I,SI1,61.7,58.0,7.64,7.61,4.71,8431
0.41,Very Good,F,VS2,60.7,59.0,4.77,4.82,2.91,889
1.2,Premium,F,VVS2,62.5,59.0,6.65,6.75,4.19,10680
0.24,Ideal,G,IF,62.4,57.0,3.94,3.99,2.48,559
0.69,Very Good,E,SI2,60.8,58.0,5.7,5.75,3.48,2343
0.33,Ideal,F,VVS1,61.2,56.0,4.49,4.46,2.73,1021
0.53,Very Good,H,VVS1,62.0,55.0,5.2,5.26,3.24,1838
0.35,Ideal,D,VS2,61.8,55.0,4.56,4.53,2.81,790
0.31,Ideal,G,VVS2,62.1,57.0,4.36,4.37,2.71,756
0.35,Premium,G,VS2,60.4,58.0,4.59,4.56,2.77,827
2.18,Ideal,F,SI2,62.7,55.0,8.31,8.19,5.16,18578
1.16,Very Good,J,SI2,60.9,60.0,6.83,6.78,4.15,4787
0.71,Premium,F,SI1,61.2,59.0,5.73,5.76,3.52,2383
1.71,Very Good,I,VVS2,62.7,56.0,7.54,7.58,4.74,12829
0.31,Ideal,G,VS1,61.2,56.0,4.4,4.43,2.7,666
1.57,Ideal,H,SI1,61.9,55.0,7.47,7.44,4.61,9694
0.3,Premium,H,VVS2,61.3,60.0,4.28,4.25,2.61,605
1.0,Very Good,G,VS2,63.0,59.0,6.3,6.38,4.0,6229
0.52,Ideal,F,VVS1,60.6,56.0,5.2,5.27,3.17,2290
0.9,Good,G,SI1,63.4,57.0,6.09,6.14,3.89,3725
1.5,Premium,G,VS2,62.4,60.0,7.32,7.27,4.55,11028
0.58,Ideal,G,VS2,61.7,54.0,5.34,5.37,3.31,1621
0.5,Very Good,E,SI1,63.5,57.0,5.02,4.98,3.17,1311
1.08,Ideal,E,SI1,62.6,56.0,6.6,6.56,4.11,6272
0.34,Ideal,G,VVS1,61.8,54.0,4.51,4.48,2.78,956
0.3,Very Good,E,SI1,62.9,57.0,4.24,4.27,2.67,526
1.03,Very Good,H,VVS2,63.0,58.0,6.44,6.38,4.04,7351
1.61,Ideal,H,VS1,62.3,55.0,7.53,7.45,4.68,12737
1.01,Premium,G,VVS2,58.9,59.0,6.68,6.56,3.89,7659
0.7,Ideal,G,VS1,62.3,55.0,5.72,5.68,3.55,2931
1.21,Premium,H,VS2,62.7,58.0,6.77,6.81,4.26,6887
1.01,Ideal,G,VS2,62.9,54.0,6.39,6.34,4.0,6169
1.22,Very Good,F,VS2,63.3,58.0,6.77,6.84,4.29,9720
1.0,Premium,E,SI2,60.6,58.0,6.5,6.46,3.93,5145
1.51,Good,D,SI1,63.5,57.0,7.22,7.26,4.59,12648
0.57,Ideal,G,VS2,61.9,57.0,5.28,5.33,3.28,1577
0.71,Premium,F,SI2,61.3,62.0,5.75,5.71,3.5,2394
0.74,Premium,F,SI1,59.8,59.0,5.86,5.82,3.49,2671
0.57,Ideal,F,VS2,61.6,56.0,5.35,5.32,3.28,1760
0.55,Very Good,F,VS1,60.2,54.0,5.33,5.37,3.23,1819
0.56,Ideal,D,SI1,61.4,56.0,5.3,5.32,3.25,1812
1.52,Ideal,G,VS2,62.2,55.0,7.36,7.41,4.59,13486
1.5,Very Good,D,SI2,63.1,56.0,7.27,7.22,4.57,8359
0.71,Ideal,G,VVS2,61.4,57.0,5.73,5.76,3.53,3497
1.05,Premium,H,SI2,61.4,58.0,6.67,6.58,4.06,4149
1.5,Very Good,E,SI2,62.9,57.0,7.35,7.31,4.59,10002
1.02,Ideal,H,SI1,61.2,58.0,6.48,6.51,3.98,4767
0.7,Good,F,SI1,64.9,57.0,5.68,5.55,3.63,2127
0.7,Fair,H,SI1,64.5,59.0,5.59,5.55,3.59,2018
1.11,Premium,G,VS1,61.0,58.0,6.75,6.69,4.11,7305
1.54,Premium,J,VS1,61.2,58.0,7.45,7.37,4.54,8080
1.54,Premium,J,SI1,61.0,58.0,7.42,7.46,4.54,8010
0.33,Ideal,G,VVS1,60.7,57.0,4.45,4.48,2.71,847
0.52,Ideal,E,SI1,61.0,57.0,5.18,5.2,3.17,1551
1.21,Ideal,G,VS1,60.3,57.0,6.89,6.86,4.14,8246
1.5,Good,I,SI1,63.8,59.0,7.16,7.12,4.54,9092
0.38,Ideal,G,VVS1,61.9,57.0,4.66,4.69,2.89,1123
0.33,Ideal,G,VVS2,62.0,56.0,4.39,4.44,2.74,965
0.42,Premium,G,VS1,59.8,56.0,4.94,4.89,2.93,1008
0.32,Ideal,D,SI1,61.9,55.0,4.38,4.41,2.72,974
1.52,Ideal,J,VS2,61.7,56.0,7.42,7.34,4.56,9050
0.9,Ideal,G,SI2,61.5,56.0,6.19,6.23,3.81,3374
1.26,Premium,G,SI2,62.5,58.0,6.89,6.84,4.28,4672
0.83,Ideal,H,SI1,62.1,57.0,6.0,6.03,3.74,3863
0.75,Ideal,E,SI1,62.3,55.0,5.78,5.84,3.61,2676
0.5,Premium,E,VS2,62.0,59.0,5.13,5.1,3.17,1746
0.41,Ideal,G,VS1,61.7,55.0,4.8,4.76,2.95,961
0.9,Premium,G,VS2,61.9,60.0,6.1,6.16,3.8,4441
0.32,Premium,E,IF,62.1,58.0,4.37,4.39,2.72,957
0.35,Ideal,F,VVS1,62.7,54.0,4.5,4.52,2.83,988
0.92,Premium,E,SI2,59.3,58.0,6.42,6.46,3.82,4027
0.34,Ideal,I,VVS2,61.8,57.0,4.48,4.51,2.77,691
0.41,Very Good,F,VS1,61.4,55.0,4.78,4.82,2.95,863
0.91,Very Good,F,SI1,62.9,59.0,6.18,6.22,3.91,4939
1.07,Ideal,G,VS2,61.9,55.0,6.57,6.61,4.08,6442
0.3,Premium,E,VS2,61.7,61.0,4.31,4.28,2.65,844
1.01,Premium,E,SI1,61.5,60.0,6.44,6.39,3.94,5661
0.38,Ideal,F,VS2,62.2,54.0,4.66,4.63,2.89,913
0.54,Very Good,H,VS2,62.0,58.0,5.17,5.21,3.23,1415
1.01,Premium,G,SI1,62.1,58.0,6.42,6.38,3.98,4513
1.04,Ideal,G,VS2,61.1,57.0,6.55,6.52,3.99,6012
0.78,Good,F,SI2,63.3,56.0,5.86,5.89,3.74,2755
0.42,Ideal,G,VVS1,61.8,55.0,4.84,4.82,2.98,1235
1.25,Ideal,F,SI2,62.2,57.0,6.84,6.91,4.28,7056
0.91,Premium,H,SI2,62.0,61.0,6.19,6.22,3.85,3475
0.57,Ideal,G,VVS1,61.9,54.0,5.3,5.35,3.3,1923
0.54,Ideal,I,SI1,62.2,55.0,5.2,5.23,3.24,1175
0.53,Ideal,G,VS1,61.6,56.0,5.21,5.23,3.21,1576
2.0,Premium,I,SI2,62.5,61.0,8.03,8.0,5.03,15223
1.01,Good,F,SI2,60.3,58.0,6.52,6.49,3.91,4200
0.73,Ideal,E,VS2,61.6,57.0,5.79,5.81,3.57,3457
1.0,Very Good,G,SI1,63.3,58.0,6.36,6.39,4.03,4579
0.31,Ideal,F,VS2,61.8,57.0,4.37,4.36,2.7,802
0.33,Ideal,D,VS2,60.7,55.0,4.48,4.51,2.73,738
1.0,Premium,F,SI2,62.7,57.0,6.39,6.32,3.98,3864
0.72,Premium,G,SI2,62.1,59.0,5.75,5.69,3.56,2384
0.34,Ideal,I,VVS1,62.8,55.0,4.39,4.42,2.77,803
1.11,Ideal,H,VS2,61.2,57.0,6.68,6.73,4.09,5831
2.05,Ideal,I,SI2,62.3,57.0,8.24,8.2,5.11,13134
1.57,Premium,E,VS2,61.4,58.0,7.49,7.43,4.58,14319
0.39,Premium,E,SI2,60.1,60.0,4.82,4.78,2.88,919
0.23,Very Good,F,VVS1,61.9,58.0,3.89,3.93,2.43,530
1.71,Premium,F,SI1,61.9,59.0,7.73,7.62,4.75,14611
1.21,Very Good,H,SI2,60.7,61.0,6.95,6.91,4.21,5047
1.05,Ideal,F,VS1,62.0,57.0,6.5,6.53,4.04,7623
0.32,Premium,H,VVS1,61.9,58.0,4.42,4.38,2.72,936
0.41,Ideal,F,VS1,61.3,56.0,4.82,4.78,2.95,1096
0.3,Ideal,E,VVS2,62.8,55.0,4.32,4.29,2.7,741
0.32,Good,D,SI1,63.1,56.0,4.38,4.37,2.76,589
0.36,Ideal,I,VS2,61.8,56.0,4.56,4.58,2.83,523
0.51,Ideal,F,VS1,61.7,55.0,5.18,5.14,3.18,1740
0.55,Ideal,I,VS2,61.8,56.0,5.26,5.29,3.26,1421
0.32,Premium,H,VS2,62.5,58.0,4.35,4.37,2.72,505
0.4,Very Good,H,VS1,63.0,55.0,4.66,4.7,2.95,725
0.35,Premium,D,VS2,61.3,60.0,4.52,4.55,2.78,829
0.43,Premium,E,SI1,62.8,54.0,4.85,4.79,3.03,1015
0.4,Premium,D,VS1,61.8,59.0,4.73,4.7,2.91,1123
0.59,Ideal,E,VVS2,61.4,59.0,5.37,5.4,3.3,2514
1.53,Ideal,I,SI2,61.0,55.0,7.44,7.47,4.55,7858
0.9,Good,D,SI2,57.9,65.0,6.33,6.37,3.69,3209
1.03,Very Good,H,VS1,63.1,56.0,6.38,6.44,4.04,5645
1.55,Ideal,G,SI2,62.3,55.0,7.37,7.41,4.61,9450
0.7,Good,F,SI1,64.0,59.0,5.56,5.62,3.59,2436
1.07,Ideal,E,VS2,61.5,54.0,6.63,6.61,4.07,6814
1.0,Very Good,D,SI1,62.2,60.0,6.29,6.39,3.93,5226
1.2,Premium,H,SI1,62.4,59.0,6.78,6.71,4.21,6640
0.5,Ideal,G,VVS2,62.0,56.0,5.09,5.13,3.16,1935
0.74,Ideal,F,SI2,62.3,55.0,5.79,5.81,3.62,2365
1.01,Fair,I,SI2,65.8,56.0,6.28,6.22,4.09,3468
1.51,Premium,H,VS1,60.4,59.0,7.4,7.36,4.45,8593
0.71,Ideal,F,VS2,62.1,56.0,5.73,5.7,3.55,2940
0.4,Ideal,D,VS1,61.6,57.0,4.75,4.76,2.93,990
0.3,Premium,E,SI1,62.2,59.0,4.31,4.27,2.67,675
0.7,Ideal,H,VS1,62.4,54.0,5.7,5.73,3.56,2469
0.8,Ideal,H,SI1,62.1,54.0,6.02,6.01,3.73,2897
0.32,Ideal,F,VVS2,62.5,54.0,4.4,4.4,2.75,741
0.33,Ideal,G,VS1,61.0,57.0,4.46,4.5,2.74,671
1.51,Premium,G,SI1,60.1,59.0,7.49,7.4,4.49,11514
1.01,Very Good,D,VS2,60.9,59.0,6.39,6.42,3.91,7448
0.37,Ideal,E,VVS2,61.1,55.0,4.63,4.69,2.85,1053
0.4,Ideal,H,VVS2,60.7,56.0,4.8,4.78,2.91,1125
1.0,Good,E,VS2,57.3,64.0,6.47,6.42,3.72,6580
0.56,Ideal,I,VVS1,62.0,55.0,5.33,5.3,3.29,1583
0.41,Ideal,F,SI1,61.3,57.0,4.81,4.77,2.93,791
0.71,Premium,H,SI2,62.0,60.0,5.71,5.67,3.53,2024
2.03,Ideal,G,SI1,60.7,55.8,8.12,8.17,4.95,18757
0.41,Ideal,H,IF,61.7,58.0,4.8,4.78,2.96,869
0.3,Ideal,I,SI2,62.5,56.0,4.27,4.29,2.68,351
2.01,Premium,H,SI1,62.3,59.0,8.12,8.06,5.02,17760
1.51,Premium,E,SI1,61.8,61.0,7.33,7.31,4.53,12305
0.53,Ideal,G,SI1,61.2,55.0,5.23,5.25,3.21,1392
0.3,Premium,I,VS1,61.8,59.0,4.32,4.25,2.65,608
0.41,Ideal,D,VS1,61.7,57.0,4.73,4.79,2.93,1151
1.01,Ideal,G,SI2,61.8,57.0,6.47,6.43,3.97,4497
0.91,Very Good,E,SI1,61.1,59.0,6.25,6.22,3.81,4284
0.36,Ideal,D,SI1,61.4,55.0,4.59,4.63,2.83,780
1.07,Ideal,E,SI2,60.9,57.0,6.61,6.58,4.02,4916
0.7,Very Good,D,VS2,62.1,60.0,5.61,5.7,3.51,2773
0.74,Ideal,F,VS1,61.4,57.0,5.8,5.82,3.57,3462
1.03,Ideal,D,VVS2,61.8,56.0,6.52,6.49,4.01,11888
0.42,Ideal,E,VS2,60.0,57.0,4.89,4.85,2.93,1087
0.33,Premium,G,VVS1,61.9,58.0,4.48,4.45,2.76,1087
0.7,Premium,E,VS1,58.2,60.0,5.85,5.79,3.38,2901
1.07,Ideal,G,VS1,61.7,56.0,6.54,6.6,4.06,6915
0.52,Ideal,D,VS2,61.9,55.0,5.18,5.15,3.19,1813
0.58,Premium,D,VS2,61.9,59.0,5.32,5.3,3.28,2140
0.71,Very Good,F,VS1,62.4,59.0,5.66,5.69,3.55,2720
0.4,Ideal,D,VS1,62.1,56.0,4.7,4.75,2.93,1207
0.3,Ideal,H,SI1,61.6,55.0,4.28,4.3,2.65,554
0.72,Premium,H,SI1,62.3,59.0,5.76,5.68,3.56,2337
0.79,Premium,G,VS2,62.0,56.0,5.95,5.91,3.68,3282
0.5,Ideal,E,SI1,61.6,57.0,5.11,5.13,3.15,1410
0.3,Ideal,E,VS2,61.8,56.0,4.34,4.31,2.67,844
1.04,Ideal,G,VVS1,62.1,57.0,6.46,6.49,4.02,8889
2.04,Premium,H,SI2,60.4,59.0,8.29,8.24,4.98,16286
1.01,Premium,E,SI1,59.8,60.0,6.47,6.55,3.89,4821
0.42,Ideal,F,VVS2,61.6,57.0,4.81,4.83,2.97,1227
1.5,Ideal,G,VS2,60.8,57.0,7.39,7.35,4.48,12607
0.7,Premium,H,VS1,62.0,52.0,5.67,5.69,3.52,2551
2.0,Premium,J,VS2,62.1,58.0,8.03,7.94,4.93,13219
0.41,Very Good,E,VS2,58.9,59.0,4.79,4.84,2.86,794
0.56,Ideal,F,VS1,60.6,57.0,5.33,5.37,3.25,2041
1.04,Very Good,H,SI1,59.1,59.0,6.59,6.64,3.94,4414
1.01,Premium,G,SI2,58.2,61.0,6.52,6.48,3.81,4363
1.5,Very Good,G,VS1,63.1,59.0,7.24,7.21,4.57,13622
0.3,Ideal,H,SI1,61.5,55.0,4.33,4.37,2.68,499
0.9,Ideal,E,SI1,61.7,55.0,6.17,6.22,3.83,4385
0.41,Ideal,E,VS2,61.8,57.0,4.73,4.78,2.94,1076
